F1, 10.6102, 2048, CWND
F1, 11.7102, 4096, CWND
F1, 15.7102, 8192, CWND
F1, 16.8102, 16384, CWND
F1, 19.8102, 17408, CWND
F1, 23.8102, 18432, CWND
F1, 24.9102, 19456, CWND
F1, 29.1102, 20480, CWND
F1, 30.0102, 21504, CWND
F1, 31.3102, 22528, CWND
F1, 37.0102, 23552, CWND
F1, 38.1102, 24576, CWND
F1, 41.1102, 25600, CWND
F1, 42.4102, 26624, CWND
F1, 47.2102, 27648, CWND
F1, 48.5102, 28672, CWND
F1, 52.3102, 29696, CWND
F1, 53.5102, 30720, CWND
F1, 58.3102, 31744, CWND
F1, 59.4102, 32768, CWND
F1, 63.6102, 33792, CWND
F1, 64.5102, 34816, CWND
F1, 68.5102, 35840, CWND
F1, 69.6102, 36864, CWND
F1, 73.8102, 37888, CWND
F1, 74.6102, 38912, CWND
F1, 78.6102, 39936, CWND
F1, 81.9102, 40960, CWND
F1, 82.8102, 41984, CWND
F1, 86.8102, 43008, CWND
F1, 87.8102, 44032, CWND
F1, 92.8102, 45056, CWND
F1, 93.9102, 46080, CWND
F1, 96.9102, 47104, CWND
F1, 98.2102, 48128, CWND
F1, 103.11, 49152, CWND
F1, 104.21, 50176, CWND
F1, 107.11, 51200, CWND
F1, 110.21, 52224, CWND
F1, 111.51, 53248, CWND
F1, 113.11, 54272, CWND
F1, 113.71, 55296, CWND
F1, 113.81, 56320, CWND
F1, 114.31, 57344, CWND
F1, 114.41, 58368, CWND
F1, 114.71, 59392, CWND
F1, 115.21, 60416, CWND
F1, 115.51, 61440, CWND
F1, 115.91, 62464, CWND
F1, 116.31, 63488, CWND
F1, 116.51, 64512, CWND
F1, 117.01, 65536, CWND
F1, 117.41, 66560, CWND
F1, 117.71, 67584, CWND
F1, 118.21, 68608, CWND
F1, 118.31, 69632, CWND
F1, 118.61, 70656, CWND
F1, 119.21, 71680, CWND
F1, 119.61, 72704, CWND
F1, 119.71, 73728, CWND
F1, 120.11, 74752, CWND
F1, 120.51, 75776, CWND
F1, 120.61, 76800, CWND
F1, 120.91, 77824, CWND
F1, 121.21, 78848, CWND
F1, 121.61, 79872, CWND
F1, 122.11, 80896, CWND
F1, 122.31, 81920, CWND
F1, 122.81, 82944, CWND
F1, 123.01, 83968, CWND
F1, 123.41, 84992, CWND
F1, 123.51, 86016, CWND
F1, 123.91, 87040, CWND
F1, 124.61, 88064, CWND
F1, 124.91, 89088, CWND
F1, 125.11, 90112, CWND
F1, 125.61, 91136, CWND
F1, 126.21, 92160, CWND
F1, 126.31, 93184, CWND
F1, 126.71, 94208, CWND
F1, 126.91, 95232, CWND
F1, 127.41, 96256, CWND
F1, 127.71, 97280, CWND
F1, 128.11, 98304, CWND
F1, 128.41, 99328, CWND
F1, 128.81, 100352, CWND
F1, 129.21, 101376, CWND
F1, 129.51, 102400, CWND
F1, 129.91, 103424, CWND
F1, 130.41, 104448, CWND
F1, 130.51, 105472, CWND
F1, 130.91, 106496, CWND
F1, 131.41, 107520, CWND
F1, 131.51, 108544, CWND
F1, 131.81, 109568, CWND
F1, 132.41, 110592, CWND
F1, 132.51, 111616, CWND
F1, 132.91, 112640, CWND
F1, 133.21, 113664, CWND
F1, 133.71, 114688, CWND
F1, 133.81, 115712, CWND
F1, 134.11, 116736, CWND
F1, 134.81, 117760, CWND
F1, 134.91, 118784, CWND
F1, 135.61, 119808, CWND
F1, 135.71, 120832, CWND
F1, 136.01, 121856, CWND
F1, 136.41, 122880, CWND
F1, 136.71, 123904, CWND
F1, 137.21, 124928, CWND
F1, 137.41, 125952, CWND
F1, 137.91, 126976, CWND
F1, 138.01, 128000, CWND
F1, 138.31, 129024, CWND
F1, 138.81, 130048, CWND
F1, 139.01, 131072, CWND
F1, 139.11, 132096, CWND
F1, 139.81, 133120, CWND
F1, 139.91, 134144, CWND
F1, 140.51, 135168, CWND
F1, 140.61, 136192, CWND
F1, 141.11, 137216, CWND
F1, 141.51, 138240, CWND
F1, 142.01, 139264, CWND
F1, 142.11, 140288, CWND
F1, 142.71, 141312, CWND
F1, 142.81, 142336, CWND
F1, 143.61, 143360, CWND
F1, 143.71, 144384, CWND
F1, 144.21, 145408, CWND
F1, 144.31, 146432, CWND
F1, 144.81, 147456, CWND
F1, 145.11, 148480, CWND
F1, 145.41, 149504, CWND
F1, 145.71, 150528, CWND
F1, 146.31, 151552, CWND
F1, 146.41, 152576, CWND
F1, 146.81, 153600, CWND
F1, 147.21, 154624, CWND
F1, 147.51, 155648, CWND
F1, 147.81, 156672, CWND
F1, 148.31, 157696, CWND
F1, 148.41, 158720, CWND
F1, 148.81, 159744, CWND
F1, 149.11, 160768, CWND
F1, 149.51, 161792, CWND
F1, 149.81, 162816, CWND
F1, 150.11, 163840, CWND
F1, 150.51, 164864, CWND
F1, 151.11, 165888, CWND
F1, 151.41, 166912, CWND
F1, 151.81, 167936, CWND
F1, 151.91, 168960, CWND
F1, 152.41, 169984, CWND
F1, 152.71, 171008, CWND
F1, 152.81, 172032, CWND
F1, 153.41, 173056, CWND
F1, 153.71, 174080, CWND
F1, 153.81, 175104, CWND
F1, 154.11, 176128, CWND
F1, 154.51, 177152, CWND
F1, 155.11, 178176, CWND
F1, 155.21, 179200, CWND
F1, 155.61, 180224, CWND
F1, 156.01, 181248, CWND
F1, 156.31, 182272, CWND
F1, 156.61, 183296, CWND
F1, 157.01, 184320, CWND
F1, 157.31, 185344, CWND
F1, 157.71, 186368, CWND
F1, 158.11, 187392, CWND
F1, 158.41, 188416, CWND
F1, 158.81, 189440, CWND
F1, 159.21, 190464, CWND
F1, 159.31, 191488, CWND
F1, 159.91, 192512, CWND
F1, 160.21, 193536, CWND
F1, 160.51, 194560, CWND
F1, 160.91, 195584, CWND
F1, 161.01, 196608, CWND
F1, 161.41, 197632, CWND
F1, 161.51, 198656, CWND
F1, 162.01, 199680, CWND
F1, 162.11, 200704, CWND
F1, 162.71, 201728, CWND
F1, 163.11, 202752, CWND
F1, 163.51, 203776, CWND
F1, 164.21, 204800, CWND
F1, 164.31, 205824, CWND
F1, 164.61, 206848, CWND
F1, 165.01, 207872, CWND
F1, 165.41, 208896, CWND
F1, 165.81, 209920, CWND
F1, 165.91, 210944, CWND
F1, 166.61, 211968, CWND
F1, 166.71, 212992, CWND
F1, 167.01, 214016, CWND
F1, 167.31, 215040, CWND
F1, 167.71, 216064, CWND
F1, 168.11, 217088, CWND
F1, 168.51, 218112, CWND
F1, 168.61, 219136, CWND
F1, 169.11, 220160, CWND
F1, 169.21, 221184, CWND
F1, 170.01, 222208, CWND
F1, 170.11, 223232, CWND
F1, 170.51, 224256, CWND
F1, 170.91, 225280, CWND
F1, 171.01, 226304, CWND
F1, 171.41, 227328, CWND
F1, 171.81, 228352, CWND
F1, 172.21, 229376, CWND
F1, 172.61, 230400, CWND
F1, 173.01, 231424, CWND
F1, 173.11, 232448, CWND
F1, 173.81, 233472, CWND
F1, 173.91, 234496, CWND
F1, 174.61, 235520, CWND
F1, 174.71, 236544, CWND
F1, 174.91, 237568, CWND
F1, 175.41, 238592, CWND
F1, 175.51, 239616, CWND
F1, 175.91, 240640, CWND
F1, 176.31, 241664, CWND
F1, 176.41, 242688, CWND
F1, 177.11, 243712, CWND
F1, 177.21, 244736, CWND
F1, 178.01, 245760, CWND
F1, 178.11, 246784, CWND
F1, 178.51, 247808, CWND
F1, 178.91, 248832, CWND
F1, 179.01, 249856, CWND
F1, 179.51, 250880, CWND
F1, 179.91, 251904, CWND
F1, 180.01, 252928, CWND
F1, 180.31, 253952, CWND
F1, 180.81, 254976, CWND
F1, 181.21, 256000, CWND
F1, 181.61, 257024, CWND
F1, 182.01, 258048, CWND
F1, 182.11, 259072, CWND
F1, 182.51, 260096, CWND
F1, 183.11, 261120, CWND
F1, 183.21, 262144, CWND
F1, 183.71, 263168, CWND
F1, 184.11, 264192, CWND
F1, 184.21, 265216, CWND
F1, 184.71, 266240, CWND
F1, 184.81, 267264, CWND
F1, 185.61, 268288, CWND
F1, 185.71, 269312, CWND
F1, 186.11, 270336, CWND
F1, 186.91, 271360, CWND
F1, 187.01, 272384, CWND
F1, 187.11, 273408, CWND
F1, 187.51, 274432, CWND
F1, 187.91, 275456, CWND
F1, 188.41, 276480, CWND
F1, 188.51, 277504, CWND
F1, 188.81, 278528, CWND
F1, 189.31, 279552, CWND
F1, 189.71, 280576, CWND
F1, 189.81, 281600, CWND
F1, 190.21, 282624, CWND
F1, 190.71, 283648, CWND
F1, 191.11, 284672, CWND
F1, 191.21, 285696, CWND
F1, 191.71, 286720, CWND
F1, 192.21, 287744, CWND
F1, 192.31, 288768, CWND
F1, 192.71, 289792, CWND
F1, 193.11, 290816, CWND
F1, 193.21, 291840, CWND
F1, 193.71, 292864, CWND
F1, 194.11, 293888, CWND
F1, 194.61, 294912, CWND
F1, 194.71, 295936, CWND
F1, 195.21, 296960, CWND
F1, 195.51, 297984, CWND
F1, 195.61, 299008, CWND
F1, 196.11, 300032, CWND
F1, 196.51, 301056, CWND
F1, 197.01, 302080, CWND
F1, 197.51, 303104, CWND
F1, 197.61, 304128, CWND
F1, 198.01, 305152, CWND
F1, 198.11, 306176, CWND
F1, 198.61, 307200, CWND
F1, 199.11, 308224, CWND
F1, 199.51, 309248, CWND
F1, 199.61, 310272, CWND
F1, 200.11, 311296, CWND
F1, 200.21, 312320, CWND
F1, 200.71, 313344, CWND
F1, 200.81, 314368, CWND
F1, 201.31, 315392, CWND
F1, 201.41, 316416, CWND
F1, 201.91, 317440, CWND
F1, 202.31, 318464, CWND
F1, 202.81, 319488, CWND
F1, 202.91, 320512, CWND
F1, 203.41, 321536, CWND
F1, 203.51, 322560, CWND
F1, 204.11, 323584, CWND
F1, 204.61, 324608, CWND
F1, 205.01, 325632, CWND
F1, 205.11, 326656, CWND
F1, 205.61, 327680, CWND
F1, 205.71, 328704, CWND
F1, 206.21, 329728, CWND
F1, 206.61, 330752, CWND
F1, 207.11, 331776, CWND
F1, 207.21, 332800, CWND
F1, 207.31, 333824, CWND
F1, 207.71, 334848, CWND
F1, 208.21, 335872, CWND
F1, 208.71, 336896, CWND
F1, 208.81, 337920, CWND
F1, 209.31, 338944, CWND
F1, 209.41, 339968, CWND
F1, 209.91, 340992, CWND
F1, 210.51, 342016, CWND
F1, 210.61, 343040, CWND
F1, 211.01, 344064, CWND
F1, 211.11, 345088, CWND
F1, 211.61, 346112, CWND
F1, 211.71, 347136, CWND
F1, 212.21, 348160, CWND
F1, 212.71, 349184, CWND
F1, 212.81, 350208, CWND
F1, 213.31, 351232, CWND
F1, 213.41, 352256, CWND
F1, 213.91, 353280, CWND
F1, 214.31, 354304, CWND
F1, 214.41, 355328, CWND
F1, 215.01, 356352, CWND
F1, 215.11, 357376, CWND
F1, 215.61, 358400, CWND
F1, 216.11, 359424, CWND
F1, 216.21, 360448, CWND
F1, 216.81, 361472, CWND
F1, 216.91, 362496, CWND
F1, 217.31, 363520, CWND
F1, 217.91, 364544, CWND
F1, 218.01, 365568, CWND
F1, 218.51, 366592, CWND
F1, 219.11, 367616, CWND
F1, 219.21, 368640, CWND
F1, 219.71, 369664, CWND
F1, 219.81, 370688, CWND
F1, 219.91, 371712, CWND
F1, 220.41, 372736, CWND
F1, 220.91, 373760, CWND
F1, 221.41, 374784, CWND
F1, 221.51, 375808, CWND
F1, 222.11, 376832, CWND
F1, 222.21, 377856, CWND
F1, 222.61, 378880, CWND
F1, 222.71, 379904, CWND
F1, 223.21, 380928, CWND
F1, 223.71, 381952, CWND
F1, 223.81, 382976, CWND
F1, 224.41, 384000, CWND
F1, 224.51, 385024, CWND
F1, 225.11, 386048, CWND
F1, 225.61, 387072, CWND
F1, 225.71, 388096, CWND
F1, 226.21, 389120, CWND
F1, 226.71, 390144, CWND
F1, 226.81, 391168, CWND
F1, 226.91, 392192, CWND
F1, 227.51, 393216, CWND
F1, 227.61, 394240, CWND
F1, 228.11, 395264, CWND
F1, 228.71, 396288, CWND
F1, 228.81, 397312, CWND
F1, 229.31, 398336, CWND
F1, 229.41, 399360, CWND
F1, 229.91, 400384, CWND
F1, 230.01, 401408, CWND
F1, 230.71, 402432, CWND
F1, 230.81, 403456, CWND
F1, 230.91, 404480, CWND
F1, 231.01, 405504, CWND
F1, 231.11, 406528, CWND
F1, 231.21, 407552, CWND
F1, 231.31, 408576, CWND
F1, 231.41, 409600, CWND
F1, 231.51, 410624, CWND
F1, 231.61, 411648, CWND
F1, 231.71, 412672, CWND
F1, 231.81, 413696, CWND
F1, 231.91, 414720, CWND
F1, 232.01, 415744, CWND
F1, 232.11, 416768, CWND
F1, 232.21, 417792, CWND
F1, 232.31, 418816, CWND
F1, 232.41, 419840, CWND
F1, 232.51, 420864, CWND
F1, 232.61, 421888, CWND
F1, 232.71, 422912, CWND
F1, 232.81, 423936, CWND
F1, 232.91, 424960, CWND
F1, 233.01, 425984, CWND
F1, 233.11, 427008, CWND
F1, 233.21, 428032, CWND
F1, 233.31, 429056, CWND
F1, 233.41, 430080, CWND
F1, 233.51, 431104, CWND
F1, 233.61, 432128, CWND
F1, 233.71, 433152, CWND
F1, 233.81, 434176, CWND
F1, 233.91, 435200, CWND
F1, 234.01, 436224, CWND
F1, 234.11, 437248, CWND
F1, 234.21, 438272, CWND
F1, 234.31, 439296, CWND
F1, 234.41, 440320, CWND
F1, 234.51, 441344, CWND
F1, 234.61, 442368, CWND
F1, 234.71, 443392, CWND
F1, 234.81, 444416, CWND
F1, 234.91, 445440, CWND
F1, 235.01, 446464, CWND
F1, 235.11, 447488, CWND
F1, 235.21, 448512, CWND
F1, 235.31, 449536, CWND
F1, 235.41, 450560, CWND
F1, 235.51, 451584, CWND
F1, 235.61, 452608, CWND
F1, 235.71, 453632, CWND
F1, 235.81, 454656, CWND
F1, 235.91, 455680, CWND
F1, 236.01, 456704, CWND
F1, 236.11, 457728, CWND
F1, 236.21, 458752, CWND
F1, 236.31, 459776, CWND
F1, 236.41, 460800, CWND
F1, 236.51, 461824, CWND
F1, 236.61, 462848, CWND
F1, 236.71, 463872, CWND
F1, 236.81, 464896, CWND
F1, 236.91, 465920, CWND
F1, 237.01, 466944, CWND
F1, 237.11, 467968, CWND
F1, 237.21, 468992, CWND
F1, 237.31, 470016, CWND
F1, 237.41, 471040, CWND
F1, 237.51, 472064, CWND
F1, 237.61, 473088, CWND
F1, 237.71, 474112, CWND
F1, 237.81, 475136, CWND
F1, 237.91, 476160, CWND
F1, 238.01, 477184, CWND
F1, 238.11, 478208, CWND
F1, 238.21, 479232, CWND
F1, 238.31, 480256, CWND
F1, 238.41, 481280, CWND
F1, 238.61, 482304, CWND
F1, 238.71, 483328, CWND
F1, 238.81, 484352, CWND
F1, 238.91, 485376, CWND
F1, 239.01, 486400, CWND
F1, 239.11, 487424, CWND
F1, 239.21, 488448, CWND
F1, 239.31, 489472, CWND
F1, 239.41, 490496, CWND
F1, 239.51, 491520, CWND
F1, 239.61, 492544, CWND
F1, 239.71, 493568, CWND
F1, 239.81, 494592, CWND
F1, 239.91, 495616, CWND
F1, 240.01, 496640, CWND
F1, 240.11, 497664, CWND
F1, 240.21, 498688, CWND
F1, 240.31, 499712, CWND
F1, 240.41, 500736, CWND
F1, 240.51, 501760, CWND
F1, 240.61, 502784, CWND
F1, 240.71, 503808, CWND
F1, 240.81, 504832, CWND
F1, 240.91, 505856, CWND
F1, 241.01, 506880, CWND
F1, 241.11, 507904, CWND
F1, 241.21, 508928, CWND
F1, 241.31, 509952, CWND
F1, 241.41, 510976, CWND
F1, 241.51, 512000, CWND
F1, 241.61, 513024, CWND
F1, 241.71, 514048, CWND
F1, 241.81, 515072, CWND
F1, 241.91, 516096, CWND
F1, 242.01, 517120, CWND
F1, 242.11, 518144, CWND
F1, 242.21, 519168, CWND
F1, 242.31, 520192, CWND
F1, 242.41, 521216, CWND
F1, 242.51, 522240, CWND
F1, 242.61, 523264, CWND
F1, 242.71, 524288, CWND
F1, 242.81, 525312, CWND
F1, 242.91, 526336, CWND
F1, 243.01, 527360, CWND
F1, 243.11, 528384, CWND
F1, 243.21, 529408, CWND
F1, 243.31, 530432, CWND
F1, 243.41, 531456, CWND
F1, 243.51, 532480, CWND
F1, 243.61, 533504, CWND
F1, 243.71, 534528, CWND
F1, 243.81, 535552, CWND
F1, 243.91, 536576, CWND
F1, 244.01, 537600, CWND
F1, 244.11, 538624, CWND
F1, 244.21, 539648, CWND
F1, 244.31, 540672, CWND
F1, 244.41, 541696, CWND
F1, 244.51, 542720, CWND
F1, 244.61, 543744, CWND
F1, 244.71, 544768, CWND
F1, 244.81, 545792, CWND
F1, 244.91, 546816, CWND
F1, 245.01, 547840, CWND
F1, 245.11, 548864, CWND
F1, 245.21, 549888, CWND
F1, 245.31, 550912, CWND
F1, 245.41, 551936, CWND
F1, 245.51, 552960, CWND
F1, 245.61, 553984, CWND
F1, 245.71, 555008, CWND
F1, 245.81, 556032, CWND
F1, 245.91, 557056, CWND
F1, 246.01, 558080, CWND
F1, 246.11, 559104, CWND
F1, 246.21, 560128, CWND
F1, 246.41, 561152, CWND
F1, 246.51, 562176, CWND
F1, 246.61, 563200, CWND
F1, 246.71, 564224, CWND
F1, 246.81, 565248, CWND
F1, 246.91, 566272, CWND
F1, 247.01, 567296, CWND
F1, 247.11, 568320, CWND
F1, 247.21, 569344, CWND
F1, 247.31, 570368, CWND
F1, 247.41, 571392, CWND
F1, 247.51, 572416, CWND
F1, 247.61, 573440, CWND
F1, 247.71, 574464, CWND
F1, 247.81, 575488, CWND
F1, 247.91, 576512, CWND
F1, 248.01, 577536, CWND
F1, 248.11, 578560, CWND
F1, 248.21, 579584, CWND
F1, 248.31, 580608, CWND
F1, 248.41, 581632, CWND
F1, 248.51, 582656, CWND
F1, 248.61, 583680, CWND
F1, 248.71, 584704, CWND
F1, 248.81, 585728, CWND
F1, 248.91, 586752, CWND
F1, 249.01, 587776, CWND
F1, 249.11, 588800, CWND
F1, 249.21, 589824, CWND
F1, 249.31, 590848, CWND
F1, 249.41, 591872, CWND
F1, 249.51, 592896, CWND
F1, 249.61, 593920, CWND
F1, 249.71, 594944, CWND
F1, 249.81, 595968, CWND
F1, 249.91, 596992, CWND
F1, 250.01, 598016, CWND
F1, 250.11, 599040, CWND
F1, 250.21, 600064, CWND
F1, 250.31, 601088, CWND
F1, 250.41, 602112, CWND
F1, 250.51, 603136, CWND
F1, 250.61, 604160, CWND
F1, 250.71, 605184, CWND
F1, 250.81, 606208, CWND
F1, 250.91, 607232, CWND
F1, 251.01, 608256, CWND
F1, 251.11, 609280, CWND
F1, 251.21, 610304, CWND
F1, 251.31, 611328, CWND
F1, 251.41, 612352, CWND
F1, 251.51, 613376, CWND
F1, 251.61, 614400, CWND
F1, 251.71, 615424, CWND
F1, 251.81, 616448, CWND
F1, 251.91, 617472, CWND
F1, 252.01, 618496, CWND
F1, 252.11, 619520, CWND
F1, 252.21, 620544, CWND
F1, 252.31, 621568, CWND
F1, 252.41, 622592, CWND
F1, 252.51, 623616, CWND
F1, 252.61, 624640, CWND
F1, 252.71, 625664, CWND
F1, 252.81, 626688, CWND
F1, 252.91, 627712, CWND
F1, 253.01, 628736, CWND
F1, 253.11, 629760, CWND
F1, 253.21, 630784, CWND
F1, 253.31, 631808, CWND
F1, 253.41, 632832, CWND
F1, 253.51, 633856, CWND
F1, 253.61, 634880, CWND
F1, 253.71, 635904, CWND
F1, 253.81, 636928, CWND
F1, 253.91, 637952, CWND
F1, 254.01, 638976, CWND
F1, 254.11, 640000, CWND
F1, 254.31, 641024, CWND
F1, 254.41, 642048, CWND
F1, 254.51, 643072, CWND
F1, 254.61, 644096, CWND
F1, 254.71, 645120, CWND
F1, 254.81, 646144, CWND
F1, 254.91, 647168, CWND
F1, 255.01, 648192, CWND
F1, 255.11, 649216, CWND
F1, 255.21, 650240, CWND
F1, 255.31, 651264, CWND
F1, 255.41, 652288, CWND
F1, 255.51, 653312, CWND
F1, 255.61, 654336, CWND
F1, 255.71, 655360, CWND
F1, 255.81, 656384, CWND
F1, 255.91, 657408, CWND
F1, 256.01, 658432, CWND
F1, 256.11, 659456, CWND
F1, 256.21, 660480, CWND
F1, 256.31, 661504, CWND
F1, 256.41, 662528, CWND
F1, 256.51, 663552, CWND
F1, 256.61, 664576, CWND
F1, 256.71, 665600, CWND
F1, 256.81, 666624, CWND
F1, 256.91, 667648, CWND
F1, 257.01, 668672, CWND
F1, 257.11, 669696, CWND
F1, 257.21, 670720, CWND
F1, 257.31, 671744, CWND
F1, 257.41, 672768, CWND
F1, 257.51, 673792, CWND
F1, 257.61, 674816, CWND
F1, 257.71, 675840, CWND
F1, 257.81, 676864, CWND
F1, 257.91, 677888, CWND
F1, 258.01, 678912, CWND
F1, 258.11, 679936, CWND
F1, 258.21, 680960, CWND
F1, 258.31, 681984, CWND
F1, 258.41, 683008, CWND
F1, 258.51, 684032, CWND
F1, 258.61, 685056, CWND
F1, 258.71, 686080, CWND
F1, 258.81, 687104, CWND
F1, 258.91, 688128, CWND
F1, 259.01, 689152, CWND
F1, 259.11, 690176, CWND
F1, 259.21, 691200, CWND
F1, 259.31, 692224, CWND
F1, 259.41, 693248, CWND
F1, 259.51, 694272, CWND
F1, 259.61, 695296, CWND
F1, 259.71, 696320, CWND
F1, 259.81, 697344, CWND
F1, 259.91, 698368, CWND
F1, 260.01, 699392, CWND
F1, 260.11, 700416, CWND
F1, 260.21, 701440, CWND
F1, 260.31, 702464, CWND
F1, 260.41, 703488, CWND
F1, 260.51, 704512, CWND
F1, 260.61, 705536, CWND
F1, 260.71, 706560, CWND
F1, 260.81, 707584, CWND
F1, 260.91, 708608, CWND
F1, 261.01, 709632, CWND
F1, 261.11, 710656, CWND
F1, 261.21, 711680, CWND
F1, 261.31, 712704, CWND
F1, 261.41, 713728, CWND
F1, 261.51, 714752, CWND
F1, 261.61, 715776, CWND
F1, 261.71, 716800, CWND
F1, 261.81, 717824, CWND
F1, 261.91, 718848, CWND
F1, 262.01, 719872, CWND
F1, 262.11, 720896, CWND
F1, 262.31, 721920, CWND
F1, 262.41, 722944, CWND
F1, 262.51, 723968, CWND
F1, 262.61, 724992, CWND
F1, 262.71, 726016, CWND
F1, 262.81, 727040, CWND
F1, 262.91, 728064, CWND
F1, 263.01, 729088, CWND
F1, 263.11, 730112, CWND
F1, 263.21, 731136, CWND
F1, 263.31, 732160, CWND
F1, 263.41, 733184, CWND
F1, 263.51, 734208, CWND
F1, 263.61, 735232, CWND
F1, 263.71, 736256, CWND
F1, 263.81, 737280, CWND
F1, 263.91, 738304, CWND
F1, 264.01, 739328, CWND
F1, 264.11, 740352, CWND
F1, 264.21, 741376, CWND
F1, 264.31, 742400, CWND
F1, 264.41, 743424, CWND
F1, 264.51, 744448, CWND
F1, 264.61, 745472, CWND
F1, 264.71, 746496, CWND
F1, 264.81, 747520, CWND
F1, 264.91, 748544, CWND
F1, 265.01, 749568, CWND
F1, 265.11, 750592, CWND
F1, 265.21, 751616, CWND
F1, 265.31, 752640, CWND
F1, 265.41, 753664, CWND
F1, 265.51, 754688, CWND
F1, 265.61, 755712, CWND
F1, 265.71, 756736, CWND
F1, 265.81, 757760, CWND
F1, 265.91, 758784, CWND
F1, 266.01, 759808, CWND
F1, 266.11, 760832, CWND
F1, 266.21, 761856, CWND
F1, 266.31, 762880, CWND
F1, 266.41, 763904, CWND
F1, 266.51, 764928, CWND
F1, 266.61, 765952, CWND
F1, 266.71, 766976, CWND
F1, 266.81, 768000, CWND
F1, 266.91, 769024, CWND
F1, 267.01, 770048, CWND
F1, 267.11, 771072, CWND
F1, 267.21, 772096, CWND
F1, 267.31, 773120, CWND
F1, 267.41, 774144, CWND
F1, 267.51, 775168, CWND
F1, 267.61, 776192, CWND
F1, 267.71, 777216, CWND
F1, 267.81, 778240, CWND
F1, 267.91, 779264, CWND
F1, 268.01, 780288, CWND
F1, 268.11, 781312, CWND
F1, 268.21, 782336, CWND
F1, 268.31, 783360, CWND
F1, 268.41, 784384, CWND
F1, 268.51, 785408, CWND
F1, 268.61, 786432, CWND
F1, 268.71, 787456, CWND
F1, 268.81, 788480, CWND
F1, 268.91, 789504, CWND
F1, 269.01, 790528, CWND
F1, 269.11, 791552, CWND
F1, 269.21, 792576, CWND
F1, 269.31, 793600, CWND
F1, 269.41, 794624, CWND
F1, 269.51, 795648, CWND
F1, 269.61, 796672, CWND
F1, 269.71, 797696, CWND
F1, 269.81, 798720, CWND
F1, 269.91, 799744, CWND
F1, 270.01, 800768, CWND
F1, 270.11, 1024, CWND
F1, 270.11, 2048, CWND
F1, 270.21, 4096, CWND
F1, 270.31, 8192, CWND
F1, 270.41, 16384, CWND
F1, 270.51, 32768, CWND
F1, 270.61, 65536, CWND
F1, 270.71, 131072, CWND
F1, 270.81, 262144, CWND
F1, 270.91, 524288, CWND
F1, 271.01, 525312, CWND
F1, 271.11, 526336, CWND
F1, 271.21, 527360, CWND
F1, 271.31, 528384, CWND
F1, 271.41, 529408, CWND
F1, 271.61, 530432, CWND
F1, 271.71, 531456, CWND
F1, 271.81, 532480, CWND
F1, 271.91, 533504, CWND
F1, 272.01, 534528, CWND
F1, 272.11, 535552, CWND
F1, 272.21, 536576, CWND
F1, 272.31, 537600, CWND
F1, 272.41, 538624, CWND
F1, 272.51, 539648, CWND
F1, 272.61, 540672, CWND
F1, 272.71, 541696, CWND
F1, 272.81, 542720, CWND
F1, 272.91, 543744, CWND
F1, 273.01, 544768, CWND
F1, 273.11, 545792, CWND
F1, 273.21, 546816, CWND
F1, 273.31, 547840, CWND
F1, 273.41, 548864, CWND
F1, 273.51, 549888, CWND
F1, 273.61, 550912, CWND
F1, 273.71, 551936, CWND
F1, 273.81, 552960, CWND
F1, 273.91, 553984, CWND
F1, 274.01, 555008, CWND
F1, 274.11, 556032, CWND
F1, 274.21, 557056, CWND
F1, 274.31, 558080, CWND
F1, 274.41, 559104, CWND
F1, 274.51, 560128, CWND
F1, 274.61, 561152, CWND
F1, 274.71, 562176, CWND
F1, 274.81, 563200, CWND
F1, 274.91, 564224, CWND
F1, 275.01, 565248, CWND
F1, 275.11, 566272, CWND
F1, 275.21, 567296, CWND
F1, 275.31, 568320, CWND
F1, 275.41, 569344, CWND
F1, 275.51, 570368, CWND
F1, 275.61, 571392, CWND
F1, 275.71, 572416, CWND
F1, 275.81, 573440, CWND
F1, 275.91, 574464, CWND
F1, 276.01, 575488, CWND
F1, 276.11, 576512, CWND
F1, 276.21, 577536, CWND
F1, 276.31, 578560, CWND
F1, 276.41, 579584, CWND
F1, 276.51, 580608, CWND
F1, 276.61, 581632, CWND
F1, 276.71, 582656, CWND
F1, 276.81, 583680, CWND
F1, 276.91, 584704, CWND
F1, 277.01, 585728, CWND
F1, 277.11, 586752, CWND
F1, 277.21, 587776, CWND
F1, 277.31, 588800, CWND
F1, 277.41, 589824, CWND
F1, 277.51, 590848, CWND
F1, 277.61, 591872, CWND
F1, 277.71, 592896, CWND
F1, 277.81, 593920, CWND
F1, 277.91, 594944, CWND
F1, 278.01, 595968, CWND
F1, 278.11, 596992, CWND
F1, 278.21, 598016, CWND
F1, 278.31, 599040, CWND
F1, 278.41, 600064, CWND
F1, 278.51, 601088, CWND
F1, 278.61, 602112, CWND
F1, 278.71, 603136, CWND
F1, 278.81, 604160, CWND
F1, 278.91, 605184, CWND
F1, 279.01, 606208, CWND
F1, 279.11, 607232, CWND
F1, 279.21, 608256, CWND
F1, 279.31, 609280, CWND
F1, 279.41, 610304, CWND
F1, 279.51, 611328, CWND
F1, 279.61, 612352, CWND
F1, 279.71, 613376, CWND
F1, 279.81, 614400, CWND
F1, 279.91, 615424, CWND
F1, 280.01, 616448, CWND
F1, 280.11, 617472, CWND
F1, 280.21, 618496, CWND
F1, 280.31, 619520, CWND
F1, 280.41, 620544, CWND
F1, 280.51, 621568, CWND
F1, 280.61, 622592, CWND
F1, 280.71, 623616, CWND
F1, 280.81, 624640, CWND
F1, 281.01, 625664, CWND
F1, 281.11, 626688, CWND
F1, 281.21, 627712, CWND
F1, 281.31, 628736, CWND
F1, 281.41, 629760, CWND
F1, 281.51, 630784, CWND
F1, 281.61, 631808, CWND
F1, 281.71, 632832, CWND
F1, 281.81, 633856, CWND
F1, 281.91, 634880, CWND
F1, 282.01, 635904, CWND
F1, 282.11, 636928, CWND
F1, 282.21, 637952, CWND
F1, 282.31, 638976, CWND
F1, 282.41, 640000, CWND
F1, 282.51, 641024, CWND
F1, 282.61, 642048, CWND
F1, 282.71, 643072, CWND
F1, 282.81, 644096, CWND
F1, 282.91, 645120, CWND
F1, 283.01, 646144, CWND
F1, 283.11, 647168, CWND
F1, 283.21, 648192, CWND
F1, 283.31, 649216, CWND
F1, 283.41, 650240, CWND
F1, 283.51, 651264, CWND
F1, 283.61, 652288, CWND
F1, 283.71, 653312, CWND
F1, 283.81, 654336, CWND
F1, 283.91, 655360, CWND
F1, 284.01, 656384, CWND
F1, 284.11, 657408, CWND
F1, 284.21, 658432, CWND
F1, 284.31, 659456, CWND
F1, 284.41, 660480, CWND
F1, 284.51, 661504, CWND
F1, 284.61, 662528, CWND
F1, 284.71, 663552, CWND
F1, 284.81, 664576, CWND
F1, 284.91, 665600, CWND
F1, 285.01, 666624, CWND
F1, 285.11, 667648, CWND
F1, 285.21, 668672, CWND
F1, 285.31, 669696, CWND
F1, 285.41, 670720, CWND
F1, 285.51, 671744, CWND
F1, 285.61, 672768, CWND
F1, 285.71, 673792, CWND
F1, 285.81, 674816, CWND
F1, 285.91, 675840, CWND
F1, 286.01, 676864, CWND
F1, 286.11, 677888, CWND
F1, 286.21, 678912, CWND
F1, 286.31, 679936, CWND
F1, 286.41, 680960, CWND
F1, 286.51, 681984, CWND
F1, 286.61, 683008, CWND
F1, 286.71, 684032, CWND
F1, 286.81, 685056, CWND
F1, 286.91, 686080, CWND
F1, 287.01, 687104, CWND
F1, 287.11, 688128, CWND
F1, 287.21, 689152, CWND
F1, 287.31, 690176, CWND
F1, 287.41, 691200, CWND
F1, 287.51, 692224, CWND
F1, 287.61, 693248, CWND
F1, 287.71, 694272, CWND
F1, 287.81, 695296, CWND
F1, 287.91, 696320, CWND
F1, 288.01, 697344, CWND
F1, 288.11, 698368, CWND
F1, 288.21, 699392, CWND
F1, 288.31, 700416, CWND
F1, 288.41, 701440, CWND
F1, 288.51, 702464, CWND
F1, 288.61, 703488, CWND
F1, 288.71, 704512, CWND
F1, 288.81, 705536, CWND
F1, 288.91, 706560, CWND
F1, 289.01, 707584, CWND
F1, 289.11, 708608, CWND
F1, 289.21, 709632, CWND
F1, 289.31, 710656, CWND
F1, 289.41, 711680, CWND
F1, 289.51, 712704, CWND
F1, 289.61, 713728, CWND
F1, 289.71, 714752, CWND
F1, 289.81, 715776, CWND
F1, 289.91, 716800, CWND
F1, 290.01, 717824, CWND
F1, 290.11, 718848, CWND
F1, 290.21, 719872, CWND
F1, 290.31, 720896, CWND
F1, 290.51, 721920, CWND
F1, 290.61, 722944, CWND
F1, 290.71, 723968, CWND
F1, 290.81, 724992, CWND
F1, 290.91, 726016, CWND
F1, 291.01, 727040, CWND
F1, 291.11, 728064, CWND
F1, 291.21, 729088, CWND
F1, 291.31, 730112, CWND
F1, 291.41, 731136, CWND
F1, 291.51, 732160, CWND
F1, 291.61, 733184, CWND
F1, 291.71, 734208, CWND
F1, 291.81, 735232, CWND
F1, 291.91, 736256, CWND
F1, 292.01, 737280, CWND
F1, 292.11, 738304, CWND
F1, 292.21, 739328, CWND
F1, 292.31, 740352, CWND
F1, 292.41, 741376, CWND
F1, 292.51, 742400, CWND
F1, 292.61, 743424, CWND
F1, 292.71, 744448, CWND
F1, 292.81, 745472, CWND
F1, 292.91, 746496, CWND
F1, 293.01, 747520, CWND
F1, 293.11, 748544, CWND
F1, 293.21, 749568, CWND
F1, 293.31, 750592, CWND
F1, 293.41, 751616, CWND
F1, 293.51, 752640, CWND
F1, 293.61, 753664, CWND
F1, 293.71, 754688, CWND
F1, 293.81, 755712, CWND
F1, 293.91, 756736, CWND
F1, 294.01, 757760, CWND
F1, 294.11, 758784, CWND
F1, 294.21, 759808, CWND
F1, 294.31, 760832, CWND
F1, 294.41, 761856, CWND
F1, 294.51, 762880, CWND
F1, 294.61, 763904, CWND
F1, 294.71, 764928, CWND
F1, 294.81, 765952, CWND
F1, 294.91, 766976, CWND
F1, 295.01, 768000, CWND
F1, 295.11, 769024, CWND
F1, 295.21, 770048, CWND
F1, 295.31, 771072, CWND
F1, 295.41, 772096, CWND
F1, 295.51, 773120, CWND
F1, 295.61, 774144, CWND
F1, 295.71, 775168, CWND
F1, 295.81, 776192, CWND
F1, 295.91, 777216, CWND
F1, 296.01, 778240, CWND
F1, 296.11, 779264, CWND
F1, 296.21, 780288, CWND
F1, 296.31, 781312, CWND
F1, 296.41, 782336, CWND
F1, 296.51, 783360, CWND
F1, 296.61, 784384, CWND
F1, 296.71, 785408, CWND
F1, 296.81, 786432, CWND
F1, 296.91, 787456, CWND
F1, 297.01, 788480, CWND
F1, 297.11, 789504, CWND
F1, 297.21, 790528, CWND
F1, 297.31, 791552, CWND
F1, 297.41, 792576, CWND
F1, 297.51, 793600, CWND
F1, 297.61, 794624, CWND
F1, 297.71, 795648, CWND
F1, 297.81, 796672, CWND
F1, 297.91, 797696, CWND
F1, 298.01, 798720, CWND
F1, 298.11, 799744, CWND
F1, 298.21, 800768, CWND
F1, 298.31, 801792, CWND
F1, 298.41, 802816, CWND
F1, 298.51, 803840, CWND
F1, 298.61, 804864, CWND
F1, 298.71, 805888, CWND
F1, 298.81, 806912, CWND
F1, 298.91, 807936, CWND
F1, 299.01, 808960, CWND
F1, 299.11, 809984, CWND
F1, 299.21, 811008, CWND
F1, 299.31, 812032, CWND
F1, 299.41, 813056, CWND
F1, 299.51, 814080, CWND
F1, 299.61, 815104, CWND
F1, 299.81, 816128, CWND
F1, 299.91, 817152, CWND
F1, 300.01, 818176, CWND
F1, 300.11, 819200, CWND
F1, 300.21, 820224, CWND
F1, 300.31, 821248, CWND
F1, 300.41, 822272, CWND
F1, 300.51, 823296, CWND
F1, 300.61, 824320, CWND
F1, 300.71, 825344, CWND
F1, 300.81, 826368, CWND
F1, 300.91, 827392, CWND
F1, 301.01, 828416, CWND
F1, 301.11, 829440, CWND
F1, 301.21, 830464, CWND
F1, 301.31, 831488, CWND
F1, 301.41, 832512, CWND
F1, 301.51, 833536, CWND
F1, 301.61, 834560, CWND
F1, 301.71, 835584, CWND
F1, 301.81, 836608, CWND
F1, 301.91, 1024, CWND
F1, 301.91, 2048, CWND
F1, 302.01, 4096, CWND
F1, 302.11, 1024, CWND
F1, 302.11, 2048, CWND
F1, 302.21, 3072, CWND
F1, 302.31, 1024, CWND
F1, 302.31, 2048, CWND
F1, 302.41, 3072, CWND
F1, 302.51, 1024, CWND
F1, 302.51, 2048, CWND
F1, 302.61, 3072, CWND
F1, 302.71, 1024, CWND
F1, 302.71, 2048, CWND
F1, 302.81, 3072, CWND
F1, 302.91, 1024, CWND
F1, 302.91, 2048, CWND
F1, 303.01, 3072, CWND
F1, 303.11, 1024, CWND
F1, 303.11, 2048, CWND
F1, 303.21, 3072, CWND
F1, 303.31, 1024, CWND
F1, 303.31, 2048, CWND
F1, 303.41, 3072, CWND
F1, 303.51, 1024, CWND
F1, 303.51, 2048, CWND
F1, 303.61, 3072, CWND
F1, 303.71, 1024, CWND
F1, 303.71, 2048, CWND
F1, 303.81, 3072, CWND
F1, 303.91, 1024, CWND
F1, 303.91, 2048, CWND
F1, 304.11, 3072, CWND
F1, 304.21, 1024, CWND
F1, 304.21, 2048, CWND
F1, 304.31, 3072, CWND
F1, 304.41, 1024, CWND
F1, 304.41, 2048, CWND
F1, 304.51, 3072, CWND
F1, 304.61, 1024, CWND
F1, 304.61, 2048, CWND
F1, 304.71, 3072, CWND
F1, 304.81, 1024, CWND
F1, 304.81, 2048, CWND
F1, 304.91, 3072, CWND
F1, 305.01, 1024, CWND
F1, 305.01, 2048, CWND
F1, 305.11, 3072, CWND
F1, 305.21, 1024, CWND
F1, 305.21, 2048, CWND
F1, 305.31, 3072, CWND
F1, 305.41, 1024, CWND
F1, 305.41, 2048, CWND
F1, 305.51, 3072, CWND
F1, 305.61, 1024, CWND
F1, 305.61, 2048, CWND
F1, 305.71, 3072, CWND
F1, 305.81, 1024, CWND
F1, 305.81, 2048, CWND
F1, 305.91, 3072, CWND
F1, 306.01, 1024, CWND
F1, 306.01, 2048, CWND
F1, 306.11, 3072, CWND
F1, 306.21, 1024, CWND
F1, 306.21, 2048, CWND
F1, 306.31, 3072, CWND
F1, 306.41, 1024, CWND
F1, 306.41, 2048, CWND
F1, 306.51, 3072, CWND
F1, 306.61, 1024, CWND
F1, 306.61, 2048, CWND
F1, 306.71, 3072, CWND
F1, 306.81, 1024, CWND
F1, 306.81, 2048, CWND
F1, 306.91, 3072, CWND
F1, 307.01, 1024, CWND
F1, 307.01, 2048, CWND
F1, 307.11, 3072, CWND
F1, 307.21, 1024, CWND
F1, 307.21, 2048, CWND
F1, 307.31, 3072, CWND
F1, 307.41, 1024, CWND
F1, 307.41, 2048, CWND
F1, 307.51, 3072, CWND
F1, 307.61, 1024, CWND
F1, 307.61, 2048, CWND
F1, 307.71, 3072, CWND
F1, 307.81, 1024, CWND
F1, 307.81, 2048, CWND
F1, 307.91, 3072, CWND
F1, 308.01, 1024, CWND
F1, 308.01, 2048, CWND
F1, 308.11, 3072, CWND
F1, 308.21, 1024, CWND
F1, 308.21, 2048, CWND
F1, 308.31, 3072, CWND
F1, 308.41, 1024, CWND
F1, 308.41, 2048, CWND
F1, 308.51, 3072, CWND
F1, 308.71, 1024, CWND
F1, 308.71, 2048, CWND
F1, 308.81, 3072, CWND
F1, 308.91, 1024, CWND
F1, 308.91, 2048, CWND
F1, 309.01, 3072, CWND
F1, 309.11, 1024, CWND
F1, 309.11, 2048, CWND
F1, 309.21, 3072, CWND
F1, 309.31, 1024, CWND
F1, 309.31, 2048, CWND
F1, 309.41, 3072, CWND
F1, 309.51, 1024, CWND
F1, 309.51, 2048, CWND
F1, 309.61, 3072, CWND
F1, 309.71, 1024, CWND
F1, 309.71, 2048, CWND
F1, 309.81, 3072, CWND
F1, 309.91, 1024, CWND
F1, 309.91, 2048, CWND
F1, 310.01, 3072, CWND
F1, 310.11, 1024, CWND
F1, 310.11, 2048, CWND
F1, 310.21, 3072, CWND
F1, 310.31, 1024, CWND
F1, 310.31, 2048, CWND
F1, 310.41, 3072, CWND
F1, 310.51, 1024, CWND
F1, 310.51, 2048, CWND
F1, 310.61, 3072, CWND
F1, 310.71, 1024, CWND
F1, 310.71, 2048, CWND
F1, 310.81, 3072, CWND
F1, 310.91, 1024, CWND
F1, 310.91, 2048, CWND
F1, 311.01, 3072, CWND
F1, 311.11, 1024, CWND
F1, 311.11, 2048, CWND
F1, 311.21, 3072, CWND
F1, 311.31, 1024, CWND
F1, 311.31, 2048, CWND
F1, 311.41, 3072, CWND
F1, 311.51, 1024, CWND
F1, 311.51, 2048, CWND
F1, 311.61, 3072, CWND
F1, 311.71, 1024, CWND
F1, 311.71, 2048, CWND
F1, 311.81, 3072, CWND
F1, 311.91, 1024, CWND
F1, 311.91, 2048, CWND
F1, 312.01, 3072, CWND
F1, 312.11, 1024, CWND
F1, 312.11, 2048, CWND
F1, 312.21, 3072, CWND
F1, 312.31, 1024, CWND
F1, 312.31, 2048, CWND
F1, 312.41, 3072, CWND
F1, 312.51, 1024, CWND
F1, 312.51, 2048, CWND
F1, 312.61, 3072, CWND
F1, 312.71, 1024, CWND
F1, 312.71, 2048, CWND
F1, 312.81, 3072, CWND
F1, 312.91, 1024, CWND
F1, 312.91, 2048, CWND
F1, 313.01, 3072, CWND
F1, 313.11, 1024, CWND
F1, 313.11, 2048, CWND
F1, 313.21, 3072, CWND
F1, 313.31, 1024, CWND
F1, 313.31, 2048, CWND
F1, 313.41, 3072, CWND
F1, 313.51, 1024, CWND
F1, 313.51, 2048, CWND
F1, 313.61, 3072, CWND
F1, 313.71, 1024, CWND
F1, 313.71, 2048, CWND
F1, 313.81, 3072, CWND
F1, 313.91, 1024, CWND
F1, 313.91, 2048, CWND
F1, 314.01, 3072, CWND
F1, 314.11, 1024, CWND
F1, 314.11, 2048, CWND
F1, 314.21, 3072, CWND
F1, 314.31, 1024, CWND
F1, 314.31, 2048, CWND
F1, 314.41, 3072, CWND
F1, 314.51, 1024, CWND
F1, 314.51, 2048, CWND
F1, 314.61, 3072, CWND
F1, 314.71, 1024, CWND
F1, 314.71, 2048, CWND
F1, 314.81, 3072, CWND
F1, 314.91, 1024, CWND
F1, 314.91, 2048, CWND
F1, 315.01, 3072, CWND
F1, 315.11, 1024, CWND
F1, 315.11, 2048, CWND
F1, 315.21, 3072, CWND
F1, 315.31, 1024, CWND
F1, 315.31, 2048, CWND
F1, 315.41, 3072, CWND
F1, 315.51, 1024, CWND
F1, 315.51, 2048, CWND
F1, 315.61, 3072, CWND
F1, 315.71, 1024, CWND
F1, 315.71, 2048, CWND
F1, 315.81, 3072, CWND
F1, 315.91, 1024, CWND
F1, 315.91, 2048, CWND
F1, 316.01, 3072, CWND
F1, 316.11, 1024, CWND
F1, 316.11, 2048, CWND
F1, 316.21, 3072, CWND
F1, 316.31, 1024, CWND
F1, 316.31, 2048, CWND
F1, 316.41, 3072, CWND
F1, 316.51, 1024, CWND
F1, 316.51, 2048, CWND
F1, 316.61, 3072, CWND
F1, 316.71, 1024, CWND
F1, 316.71, 2048, CWND
F1, 316.81, 3072, CWND
F1, 316.91, 1024, CWND
F1, 316.91, 2048, CWND
F1, 317.01, 3072, CWND
F1, 317.11, 1024, CWND
F1, 317.11, 2048, CWND
F1, 317.21, 3072, CWND
F1, 317.41, 1024, CWND
F1, 317.41, 2048, CWND
F1, 317.51, 3072, CWND
F1, 317.61, 1024, CWND
F1, 317.61, 2048, CWND
F1, 317.71, 3072, CWND
F1, 317.81, 1024, CWND
F1, 317.81, 2048, CWND
F1, 318.01, 3072, CWND
F1, 318.21, 1024, CWND
F1, 318.21, 2048, CWND
F1, 318.41, 3072, CWND
F1, 318.71, 1024, CWND
F1, 318.71, 2048, CWND
F1, 318.91, 3072, CWND
F1, 319.11, 1024, CWND
F1, 319.11, 2048, CWND
F1, 319.31, 3072, CWND
F1, 319.51, 1024, CWND
F1, 319.51, 2048, CWND
F1, 319.71, 3072, CWND
F1, 319.91, 1024, CWND
F1, 319.91, 2048, CWND
F1, 320.11, 3072, CWND
F1, 320.31, 1024, CWND
F1, 320.31, 2048, CWND
F1, 320.61, 3072, CWND
F1, 320.71, 1024, CWND
F1, 320.71, 2048, CWND
F1, 321.01, 3072, CWND
F1, 321.21, 1024, CWND
F1, 321.21, 2048, CWND
F1, 321.41, 3072, CWND
F1, 321.61, 1024, CWND
F1, 321.61, 2048, CWND
F1, 321.81, 3072, CWND
F1, 322.01, 1024, CWND
F1, 322.01, 2048, CWND
F1, 322.21, 3072, CWND
F1, 322.41, 1024, CWND
F1, 322.41, 2048, CWND
F1, 322.61, 3072, CWND
F1, 322.91, 1024, CWND
F1, 322.91, 2048, CWND
F1, 323.11, 3072, CWND
F1, 323.41, 1024, CWND
F1, 323.41, 2048, CWND
F1, 323.61, 3072, CWND
F1, 323.81, 1024, CWND
F1, 323.81, 2048, CWND
F1, 324.01, 3072, CWND
F1, 324.11, 1024, CWND
F1, 324.11, 2048, CWND
F1, 324.31, 3072, CWND
F1, 324.61, 1024, CWND
F1, 324.61, 2048, CWND
F1, 324.91, 3072, CWND
F1, 325.11, 1024, CWND
F1, 325.11, 2048, CWND
F1, 325.21, 3072, CWND
F1, 325.51, 1024, CWND
F1, 325.51, 2048, CWND
F1, 325.71, 3072, CWND
F1, 325.91, 1024, CWND
F1, 325.91, 2048, CWND
F1, 326.11, 3072, CWND
F1, 326.21, 1024, CWND
F1, 326.21, 2048, CWND
F1, 326.51, 3072, CWND
F1, 326.81, 1024, CWND
F1, 326.81, 2048, CWND
F1, 327.01, 3072, CWND
F1, 327.21, 1024, CWND
F1, 327.21, 2048, CWND
F1, 327.41, 3072, CWND
F1, 327.61, 1024, CWND
F1, 327.61, 2048, CWND
F1, 327.91, 3072, CWND
F1, 328.11, 1024, CWND
F1, 328.11, 2048, CWND
F1, 328.21, 3072, CWND
F1, 328.51, 1024, CWND
F1, 328.51, 2048, CWND
F1, 328.71, 3072, CWND
F1, 329.01, 1024, CWND
F1, 329.01, 2048, CWND
F1, 329.21, 3072, CWND
F1, 329.41, 1024, CWND
F1, 329.41, 2048, CWND
F1, 329.51, 3072, CWND
F1, 329.71, 1024, CWND
F1, 329.71, 2048, CWND
F1, 330.01, 3072, CWND
F1, 330.21, 1024, CWND
F1, 330.21, 2048, CWND
F1, 330.51, 3072, CWND
F1, 330.71, 1024, CWND
F1, 330.71, 2048, CWND
F1, 330.91, 3072, CWND
F1, 331.11, 1024, CWND
F1, 331.11, 2048, CWND
F1, 331.31, 3072, CWND
F1, 331.51, 1024, CWND
F1, 331.51, 2048, CWND
F1, 331.71, 3072, CWND
F1, 331.91, 1024, CWND
F1, 331.91, 2048, CWND
F1, 332.11, 3072, CWND
F1, 332.31, 1024, CWND
F1, 332.31, 2048, CWND
F1, 332.51, 3072, CWND
F1, 332.71, 1024, CWND
F1, 332.71, 2048, CWND
F1, 332.91, 3072, CWND
F1, 333.11, 1024, CWND
F1, 333.11, 2048, CWND
F1, 333.21, 3072, CWND
F1, 333.41, 1024, CWND
F1, 333.41, 2048, CWND
F1, 333.51, 3072, CWND
F1, 333.71, 1024, CWND
F1, 333.71, 2048, CWND
F1, 333.81, 3072, CWND
F1, 334.01, 1024, CWND
F1, 334.01, 2048, CWND
F1, 334.11, 3072, CWND
F1, 334.31, 1024, CWND
F1, 334.31, 2048, CWND
F1, 334.51, 3072, CWND
F1, 334.71, 1024, CWND
F1, 334.71, 2048, CWND
F1, 334.91, 3072, CWND
F1, 335.01, 1024, CWND
F1, 335.01, 2048, CWND
F1, 335.21, 3072, CWND
F1, 335.31, 1024, CWND
F1, 335.31, 2048, CWND
F1, 335.51, 3072, CWND
F1, 335.61, 1024, CWND
F1, 335.61, 2048, CWND
F1, 335.81, 3072, CWND
F1, 335.91, 1024, CWND
F1, 335.91, 2048, CWND
F1, 336.11, 3072, CWND
F1, 336.31, 1024, CWND
F1, 336.31, 2048, CWND
F1, 336.41, 3072, CWND
F1, 336.61, 1024, CWND
F1, 336.61, 2048, CWND
F1, 336.71, 3072, CWND
F1, 336.91, 1024, CWND
F1, 336.91, 2048, CWND
F1, 337.11, 3072, CWND
F1, 337.21, 1024, CWND
F1, 337.21, 2048, CWND
F1, 337.31, 3072, CWND
F1, 337.51, 1024, CWND
F1, 337.51, 2048, CWND
F1, 337.61, 3072, CWND
F1, 337.81, 1024, CWND
F1, 337.81, 2048, CWND
F1, 337.91, 3072, CWND
F1, 338.11, 1024, CWND
F1, 338.11, 2048, CWND
F1, 338.31, 3072, CWND
F1, 338.41, 1024, CWND
F1, 338.41, 2048, CWND
F1, 338.61, 3072, CWND
F1, 338.71, 1024, CWND
F1, 338.71, 2048, CWND
F1, 338.91, 3072, CWND
F1, 339.01, 1024, CWND
F1, 339.01, 2048, CWND
F1, 339.21, 3072, CWND
F1, 339.31, 1024, CWND
F1, 339.31, 2048, CWND
F1, 339.61, 3072, CWND
F1, 339.71, 1024, CWND
F1, 339.71, 2048, CWND
F1, 339.81, 3072, CWND
F1, 339.91, 1024, CWND
F1, 339.91, 2048, CWND
F1, 340.11, 3072, CWND
F1, 340.21, 1024, CWND
F1, 340.21, 2048, CWND
F1, 340.41, 3072, CWND
F1, 340.61, 1024, CWND
F1, 340.61, 2048, CWND
F1, 340.71, 3072, CWND
F1, 340.91, 1024, CWND
F1, 340.91, 2048, CWND
F1, 341.01, 3072, CWND
F1, 341.11, 1024, CWND
F1, 341.11, 2048, CWND
F1, 341.21, 3072, CWND
F1, 341.31, 1024, CWND
F1, 341.31, 2048, CWND
F1, 341.51, 3072, CWND
F1, 341.61, 1024, CWND
F1, 341.61, 2048, CWND
F1, 341.71, 3072, CWND
F1, 341.91, 1024, CWND
F1, 341.91, 2048, CWND
F1, 342.01, 3072, CWND
F1, 342.11, 1024, CWND
F1, 342.11, 2048, CWND
F1, 342.21, 3072, CWND
F1, 342.41, 1024, CWND
F1, 342.41, 2048, CWND
F1, 342.51, 3072, CWND
F1, 342.61, 1024, CWND
F1, 342.61, 2048, CWND
F1, 342.71, 3072, CWND
F1, 342.91, 1024, CWND
F1, 342.91, 2048, CWND
F1, 343.01, 3072, CWND
F1, 343.11, 1024, CWND
F1, 343.11, 2048, CWND
F1, 343.21, 3072, CWND
F1, 343.41, 1024, CWND
F1, 343.41, 2048, CWND
F1, 343.51, 3072, CWND
F1, 343.61, 1024, CWND
F1, 343.61, 2048, CWND
F1, 343.71, 3072, CWND
F1, 343.91, 1024, CWND
F1, 343.91, 2048, CWND
F1, 344.01, 3072, CWND
F1, 344.11, 1024, CWND
F1, 344.11, 2048, CWND
F1, 344.21, 3072, CWND
F1, 344.41, 1024, CWND
F1, 344.41, 2048, CWND
F1, 344.51, 3072, CWND
F1, 344.61, 1024, CWND
F1, 344.61, 2048, CWND
F1, 344.71, 3072, CWND
F1, 344.91, 1024, CWND
F1, 344.91, 2048, CWND
F1, 345.01, 3072, CWND
F1, 345.11, 1024, CWND
F1, 345.11, 2048, CWND
F1, 345.31, 3072, CWND
F1, 345.41, 1024, CWND
F1, 345.41, 2048, CWND
F1, 345.51, 3072, CWND
F1, 345.71, 1024, CWND
F1, 345.71, 2048, CWND
F1, 345.81, 3072, CWND
F1, 345.91, 1024, CWND
F1, 345.91, 2048, CWND
F1, 346.11, 3072, CWND
F1, 346.21, 1024, CWND
F1, 346.21, 2048, CWND
F1, 346.31, 3072, CWND
F1, 346.51, 1024, CWND
F1, 346.51, 2048, CWND
F1, 346.61, 3072, CWND
F1, 346.81, 1024, CWND
F1, 346.81, 2048, CWND
F1, 346.91, 3072, CWND
F1, 347.01, 1024, CWND
F1, 347.01, 2048, CWND
F1, 347.11, 3072, CWND
F1, 347.31, 1024, CWND
F1, 347.31, 2048, CWND
F1, 347.41, 3072, CWND
F1, 347.61, 1024, CWND
F1, 347.61, 2048, CWND
F1, 347.71, 3072, CWND
F1, 347.81, 1024, CWND
F1, 347.81, 2048, CWND
F1, 348.01, 3072, CWND
F1, 348.11, 1024, CWND
F1, 348.11, 2048, CWND
F1, 348.21, 3072, CWND
F1, 348.31, 1024, CWND
F1, 348.31, 2048, CWND
F1, 348.51, 3072, CWND
F1, 348.61, 1024, CWND
F1, 348.61, 2048, CWND
F1, 348.71, 3072, CWND
F1, 348.81, 1024, CWND
F1, 348.81, 2048, CWND
F1, 349.01, 3072, CWND
F1, 349.11, 1024, CWND
F1, 349.11, 2048, CWND
F1, 349.31, 3072, CWND
F1, 349.41, 1024, CWND
F1, 349.41, 2048, CWND
F1, 349.51, 3072, CWND
F1, 349.71, 1024, CWND
F1, 349.71, 2048, CWND
F1, 349.81, 3072, CWND
F1, 349.91, 1024, CWND
F1, 349.91, 2048, CWND
F1, 350.01, 3072, CWND
F1, 350.21, 1024, CWND
F1, 350.21, 2048, CWND
F1, 350.31, 3072, CWND
F1, 350.51, 1024, CWND
F1, 350.51, 2048, CWND
F1, 350.61, 3072, CWND
F1, 350.71, 1024, CWND
F1, 350.71, 2048, CWND
F1, 350.81, 3072, CWND
F1, 351.01, 1024, CWND
F1, 351.01, 2048, CWND
F1, 351.11, 3072, CWND
F1, 351.31, 1024, CWND
F1, 351.31, 2048, CWND
F1, 351.41, 3072, CWND
F1, 351.51, 1024, CWND
F1, 351.51, 2048, CWND
F1, 351.71, 3072, CWND
F1, 351.81, 1024, CWND
F1, 351.81, 2048, CWND
F1, 351.91, 3072, CWND
F1, 352.11, 1024, CWND
F1, 352.11, 2048, CWND
F1, 352.21, 3072, CWND
F1, 352.31, 1024, CWND
F1, 352.31, 2048, CWND
F1, 352.51, 3072, CWND
F1, 352.61, 1024, CWND
F1, 352.61, 2048, CWND
F1, 352.71, 3072, CWND
F1, 352.81, 1024, CWND
F1, 352.81, 2048, CWND
F1, 353.01, 3072, CWND
F1, 353.11, 1024, CWND
F1, 353.11, 2048, CWND
F1, 353.31, 3072, CWND
F1, 353.41, 1024, CWND
F1, 353.41, 2048, CWND
F1, 353.51, 3072, CWND
F1, 353.71, 1024, CWND
F1, 353.71, 2048, CWND
F1, 353.81, 3072, CWND
F1, 353.91, 1024, CWND
F1, 353.91, 2048, CWND
F1, 354.01, 3072, CWND
F1, 354.11, 1024, CWND
F1, 354.11, 2048, CWND
F1, 354.31, 3072, CWND
F1, 354.51, 1024, CWND
F1, 354.51, 2048, CWND
F1, 354.71, 3072, CWND
F1, 354.81, 1024, CWND
F1, 354.81, 2048, CWND
F1, 355.01, 3072, CWND
F1, 355.11, 1024, CWND
F1, 355.11, 2048, CWND
F1, 355.31, 3072, CWND
F1, 355.41, 1024, CWND
F1, 355.41, 2048, CWND
F1, 355.51, 3072, CWND
F1, 355.71, 1024, CWND
F1, 355.71, 2048, CWND
F1, 355.81, 3072, CWND
F1, 355.91, 1024, CWND
F1, 355.91, 2048, CWND
F1, 356.01, 3072, CWND
F1, 356.21, 1024, CWND
F1, 356.21, 2048, CWND
F1, 356.41, 3072, CWND
F1, 356.51, 1024, CWND
F1, 356.51, 2048, CWND
F1, 356.61, 3072, CWND
F1, 356.71, 1024, CWND
F1, 356.71, 2048, CWND
F1, 356.91, 3072, CWND
F1, 357.11, 1024, CWND
F1, 357.11, 2048, CWND
F1, 357.21, 3072, CWND
F1, 357.31, 1024, CWND
F1, 357.31, 2048, CWND
F1, 357.41, 3072, CWND
F1, 357.61, 1024, CWND
F1, 357.61, 2048, CWND
F1, 357.81, 3072, CWND
F1, 357.91, 1024, CWND
F1, 357.91, 2048, CWND
F1, 358.01, 3072, CWND
F1, 358.11, 1024, CWND
F1, 358.11, 2048, CWND
F1, 358.31, 3072, CWND
F1, 358.51, 1024, CWND
F1, 358.51, 2048, CWND
F1, 358.61, 3072, CWND
F1, 358.71, 1024, CWND
F1, 358.71, 2048, CWND
F1, 358.81, 3072, CWND
F1, 359.01, 1024, CWND
F1, 359.01, 2048, CWND
F1, 359.21, 3072, CWND
F1, 359.31, 1024, CWND
F1, 359.31, 2048, CWND
F1, 359.41, 3072, CWND
F1, 359.51, 1024, CWND
F1, 359.51, 2048, CWND
F1, 359.71, 3072, CWND
F1, 359.91, 1024, CWND
F1, 359.91, 2048, CWND
F1, 360.01, 3072, CWND
F1, 360.11, 1024, CWND
F1, 360.11, 2048, CWND
F1, 360.21, 3072, CWND
F1, 360.41, 1024, CWND
F1, 360.41, 2048, CWND
F1, 360.61, 3072, CWND
F1, 360.71, 1024, CWND
F1, 360.71, 2048, CWND
F1, 360.81, 3072, CWND
F1, 361.01, 1024, CWND
F1, 361.01, 2048, CWND
F1, 361.11, 3072, CWND
F1, 361.21, 1024, CWND
F1, 361.21, 2048, CWND
F1, 361.31, 3072, CWND
F1, 361.51, 1024, CWND
F1, 361.51, 2048, CWND
F1, 361.71, 3072, CWND
F1, 361.81, 1024, CWND
F1, 361.81, 2048, CWND
F1, 361.91, 3072, CWND
F1, 362.11, 1024, CWND
F1, 362.11, 2048, CWND
F1, 362.21, 3072, CWND
F1, 362.31, 1024, CWND
F1, 362.31, 2048, CWND
F1, 362.41, 3072, CWND
F1, 362.61, 1024, CWND
F1, 362.61, 2048, CWND
F1, 362.71, 3072, CWND
F1, 362.91, 1024, CWND
F1, 362.91, 2048, CWND
F1, 363.01, 3072, CWND
F1, 363.21, 1024, CWND
F1, 363.21, 2048, CWND
F1, 363.31, 3072, CWND
F1, 363.41, 1024, CWND
F1, 363.41, 2048, CWND
F1, 363.61, 3072, CWND
F1, 363.71, 1024, CWND
F1, 363.71, 2048, CWND
F1, 363.91, 3072, CWND
F1, 364.01, 1024, CWND
F1, 364.01, 2048, CWND
F1, 364.11, 3072, CWND
F1, 364.31, 1024, CWND
F1, 364.31, 2048, CWND
F1, 364.41, 3072, CWND
F1, 364.61, 1024, CWND
F1, 364.61, 2048, CWND
F1, 364.71, 3072, CWND
F1, 364.91, 1024, CWND
F1, 364.91, 2048, CWND
F1, 365.01, 3072, CWND
F1, 365.11, 1024, CWND
F1, 365.11, 2048, CWND
F1, 365.31, 3072, CWND
F1, 365.41, 1024, CWND
F1, 365.41, 2048, CWND
F1, 365.61, 3072, CWND
F1, 365.71, 1024, CWND
F1, 365.71, 2048, CWND
F1, 365.81, 3072, CWND
F1, 366.01, 1024, CWND
F1, 366.01, 2048, CWND
F1, 366.11, 3072, CWND
F1, 366.21, 1024, CWND
F1, 366.21, 2048, CWND
F1, 366.41, 3072, CWND
F1, 366.51, 1024, CWND
F1, 366.51, 2048, CWND
F1, 366.61, 3072, CWND
F1, 366.71, 1024, CWND
F1, 366.71, 2048, CWND
F1, 366.91, 3072, CWND
F1, 367.11, 1024, CWND
F1, 367.11, 2048, CWND
F1, 367.21, 3072, CWND
F1, 367.31, 1024, CWND
F1, 367.31, 2048, CWND
F1, 367.41, 3072, CWND
F1, 367.61, 1024, CWND
F1, 367.61, 2048, CWND
F1, 367.71, 3072, CWND
F1, 367.91, 1024, CWND
F1, 367.91, 2048, CWND
F1, 368.01, 3072, CWND
F1, 368.11, 1024, CWND
F1, 368.11, 2048, CWND
F1, 368.31, 3072, CWND
F1, 368.41, 1024, CWND
F1, 368.41, 2048, CWND
F1, 368.51, 3072, CWND
F1, 368.71, 1024, CWND
F1, 368.71, 2048, CWND
F1, 368.81, 3072, CWND
F1, 369.01, 1024, CWND
F1, 369.01, 2048, CWND
F1, 369.11, 3072, CWND
F1, 369.21, 1024, CWND
F1, 369.21, 2048, CWND
F1, 369.41, 3072, CWND
F1, 369.51, 1024, CWND
F1, 369.51, 2048, CWND
F1, 369.71, 3072, CWND
F1, 369.81, 1024, CWND
F1, 369.81, 2048, CWND
F1, 369.91, 3072, CWND
F1, 370.01, 1024, CWND
F1, 370.01, 2048, CWND
F1, 370.21, 3072, CWND
F1, 370.41, 1024, CWND
F1, 370.41, 2048, CWND
F1, 370.51, 3072, CWND
F1, 370.61, 1024, CWND
F1, 370.61, 2048, CWND
F1, 370.81, 3072, CWND
F1, 370.91, 1024, CWND
F1, 370.91, 2048, CWND
F1, 371.11, 3072, CWND
F1, 371.21, 1024, CWND
F1, 371.21, 2048, CWND
F1, 371.31, 3072, CWND
F1, 371.51, 1024, CWND
F1, 371.51, 2048, CWND
F1, 371.61, 3072, CWND
F1, 371.71, 1024, CWND
F1, 371.71, 2048, CWND
F1, 371.91, 3072, CWND
F1, 372.01, 1024, CWND
F1, 372.01, 2048, CWND
F1, 372.11, 3072, CWND
F1, 372.21, 1024, CWND
F1, 372.21, 2048, CWND
F1, 372.41, 3072, CWND
F1, 372.61, 1024, CWND
F1, 372.61, 2048, CWND
F1, 372.71, 3072, CWND
F1, 372.81, 1024, CWND
F1, 372.81, 2048, CWND
F1, 373.01, 3072, CWND
F1, 373.11, 1024, CWND
F1, 373.11, 2048, CWND
F1, 373.21, 3072, CWND
F1, 373.41, 1024, CWND
F1, 373.41, 2048, CWND
F1, 373.51, 3072, CWND
F1, 373.61, 1024, CWND
F1, 373.61, 2048, CWND
F1, 373.81, 3072, CWND
F1, 373.91, 1024, CWND
F1, 373.91, 2048, CWND
F1, 374.01, 3072, CWND
F1, 374.21, 1024, CWND
F1, 374.21, 2048, CWND
F1, 374.31, 3072, CWND
F1, 374.41, 1024, CWND
F1, 374.41, 2048, CWND
F1, 374.61, 3072, CWND
F1, 374.71, 1024, CWND
F1, 374.71, 2048, CWND
F1, 374.81, 3072, CWND
F1, 374.91, 1024, CWND
F1, 374.91, 2048, CWND
F1, 375.11, 3072, CWND
F1, 375.31, 1024, CWND
F1, 375.31, 2048, CWND
F1, 375.41, 3072, CWND
F1, 375.51, 1024, CWND
F1, 375.51, 2048, CWND
F1, 375.61, 3072, CWND
F1, 375.81, 1024, CWND
F1, 375.81, 2048, CWND
F1, 375.91, 3072, CWND
F1, 376.11, 1024, CWND
F1, 376.11, 2048, CWND
F1, 376.21, 3072, CWND
F1, 376.31, 1024, CWND
F1, 376.31, 2048, CWND
F1, 376.51, 3072, CWND
F1, 376.61, 1024, CWND
F1, 376.61, 2048, CWND
F1, 376.71, 3072, CWND
F1, 376.91, 1024, CWND
F1, 376.91, 2048, CWND
F1, 377.01, 3072, CWND
F1, 377.11, 1024, CWND
F1, 377.11, 2048, CWND
F1, 377.31, 3072, CWND
F1, 377.41, 1024, CWND
F1, 377.41, 2048, CWND
F1, 377.51, 3072, CWND
F1, 377.71, 1024, CWND
F1, 377.71, 2048, CWND
F1, 377.91, 3072, CWND
F1, 378.01, 1024, CWND
F1, 378.01, 2048, CWND
F1, 378.11, 3072, CWND
F1, 378.31, 1024, CWND
F1, 378.31, 2048, CWND
F1, 378.41, 3072, CWND
F1, 378.51, 1024, CWND
F1, 378.51, 2048, CWND
F1, 378.71, 3072, CWND
F1, 378.81, 1024, CWND
F1, 378.81, 2048, CWND
F1, 378.91, 3072, CWND
F1, 379.11, 1024, CWND
F1, 379.11, 2048, CWND
F1, 379.21, 3072, CWND
F1, 379.31, 1024, CWND
F1, 379.31, 2048, CWND
F1, 379.51, 3072, CWND
F1, 379.61, 1024, CWND
F1, 379.61, 2048, CWND
F1, 379.81, 3072, CWND
F1, 379.91, 1024, CWND
F1, 379.91, 2048, CWND
F1, 380.01, 3072, CWND
F1, 380.21, 1024, CWND
F1, 380.21, 2048, CWND
F1, 380.31, 3072, CWND
F1, 380.41, 1024, CWND
F1, 380.41, 2048, CWND
F1, 380.61, 3072, CWND
F1, 380.71, 1024, CWND
F1, 380.71, 2048, CWND
F1, 380.81, 3072, CWND
F1, 381.01, 1024, CWND
F1, 381.01, 2048, CWND
F1, 381.11, 3072, CWND
F1, 381.21, 1024, CWND
F1, 381.21, 2048, CWND
F1, 381.41, 3072, CWND
F1, 381.51, 1024, CWND
F1, 381.51, 2048, CWND
F1, 381.71, 3072, CWND
F1, 381.91, 1024, CWND
F1, 381.91, 2048, CWND
F1, 382.01, 3072, CWND
F1, 382.21, 1024, CWND
F1, 382.21, 2048, CWND
F1, 382.31, 3072, CWND
F1, 382.51, 1024, CWND
F1, 382.51, 2048, CWND
F1, 382.61, 3072, CWND
F1, 382.71, 1024, CWND
F1, 382.71, 2048, CWND
F1, 382.81, 3072, CWND
F1, 383.01, 1024, CWND
F1, 383.01, 2048, CWND
F1, 383.11, 3072, CWND
F1, 383.31, 1024, CWND
F1, 383.31, 2048, CWND
F1, 383.41, 3072, CWND
F1, 383.51, 1024, CWND
F1, 383.51, 2048, CWND
F1, 383.61, 3072, CWND
F1, 383.81, 1024, CWND
F1, 383.81, 2048, CWND
F1, 384.01, 3072, CWND
F1, 384.11, 1024, CWND
F1, 384.11, 2048, CWND
F1, 384.21, 3072, CWND
F1, 384.31, 1024, CWND
F1, 384.31, 2048, CWND
F1, 384.51, 3072, CWND
F1, 384.61, 1024, CWND
F1, 384.61, 2048, CWND
F1, 384.81, 3072, CWND
F1, 384.91, 1024, CWND
F1, 384.91, 2048, CWND
F1, 385.01, 3072, CWND
F1, 385.11, 1024, CWND
F1, 385.11, 2048, CWND
F1, 385.31, 3072, CWND
F1, 385.51, 1024, CWND
F1, 385.51, 2048, CWND
F1, 385.61, 3072, CWND
F1, 385.71, 1024, CWND
F1, 385.71, 2048, CWND
F1, 385.91, 3072, CWND
F1, 386.01, 1024, CWND
F1, 386.01, 2048, CWND
F1, 386.11, 3072, CWND
F1, 386.31, 1024, CWND
F1, 386.31, 2048, CWND
F1, 386.41, 3072, CWND
F1, 386.51, 1024, CWND
F1, 386.51, 2048, CWND
F1, 386.61, 3072, CWND
F1, 386.81, 1024, CWND
F1, 386.81, 2048, CWND
F1, 386.91, 3072, CWND
F1, 387.11, 1024, CWND
F1, 387.11, 2048, CWND
F1, 387.21, 3072, CWND
F1, 387.31, 1024, CWND
F1, 387.31, 2048, CWND
F1, 387.41, 3072, CWND
F1, 387.61, 1024, CWND
F1, 387.61, 2048, CWND
F1, 387.81, 3072, CWND
F1, 387.91, 1024, CWND
F1, 387.91, 2048, CWND
F1, 388.01, 3072, CWND
F1, 388.21, 1024, CWND
F1, 388.21, 2048, CWND
F1, 388.31, 3072, CWND
F1, 388.41, 1024, CWND
F1, 388.41, 2048, CWND
F1, 388.61, 3072, CWND
F1, 388.71, 1024, CWND
F1, 388.71, 2048, CWND
F1, 388.81, 3072, CWND
F1, 388.91, 1024, CWND
F1, 388.91, 2048, CWND
F1, 389.11, 3072, CWND
F1, 389.31, 1024, CWND
F1, 389.31, 2048, CWND
F1, 389.41, 3072, CWND
F1, 389.51, 1024, CWND
F1, 389.51, 2048, CWND
F1, 389.71, 3072, CWND
F1, 389.81, 1024, CWND
F1, 389.81, 2048, CWND
F1, 390.01, 3072, CWND
F1, 390.11, 1024, CWND
F1, 390.11, 2048, CWND
F1, 390.21, 3072, CWND
F1, 390.31, 1024, CWND
F1, 390.31, 2048, CWND
F1, 390.51, 3072, CWND
F1, 390.61, 1024, CWND
F1, 390.61, 2048, CWND
F1, 390.71, 3072, CWND
F1, 390.91, 1024, CWND
F1, 390.91, 2048, CWND
F1, 391.01, 3072, CWND
F1, 391.11, 1024, CWND
F1, 391.11, 2048, CWND
F1, 391.31, 3072, CWND
F1, 391.41, 1024, CWND
F1, 391.41, 2048, CWND
F1, 391.61, 3072, CWND
F1, 391.71, 1024, CWND
F1, 391.71, 2048, CWND
F1, 391.81, 3072, CWND
F1, 392.01, 1024, CWND
F1, 392.01, 2048, CWND
F1, 392.11, 3072, CWND
F1, 392.31, 1024, CWND
F1, 392.31, 2048, CWND
F1, 392.41, 3072, CWND
F1, 392.51, 1024, CWND
F1, 392.51, 2048, CWND
F1, 392.61, 3072, CWND
F1, 392.81, 1024, CWND
F1, 392.81, 2048, CWND
F1, 392.91, 3072, CWND
F1, 393.11, 1024, CWND
F1, 393.11, 2048, CWND
F1, 393.21, 3072, CWND
F1, 393.41, 1024, CWND
F1, 393.41, 2048, CWND
F1, 393.51, 3072, CWND
F1, 393.71, 1024, CWND
F1, 393.71, 2048, CWND
F1, 393.81, 3072, CWND
F1, 393.91, 1024, CWND
F1, 393.91, 2048, CWND
F1, 394.11, 3072, CWND
F1, 394.21, 1024, CWND
F1, 394.21, 2048, CWND
F1, 394.31, 3072, CWND
F1, 394.51, 1024, CWND
F1, 394.51, 2048, CWND
F1, 394.61, 3072, CWND
F1, 394.71, 1024, CWND
F1, 394.71, 2048, CWND
F1, 394.91, 3072, CWND
F1, 395.01, 1024, CWND
F1, 395.01, 2048, CWND
F1, 395.11, 3072, CWND
F1, 395.31, 1024, CWND
F1, 395.31, 2048, CWND
F1, 395.41, 3072, CWND
F1, 395.61, 1024, CWND
F1, 395.61, 2048, CWND
F1, 395.71, 3072, CWND
F1, 395.81, 1024, CWND
F1, 395.81, 2048, CWND
F1, 396.01, 3072, CWND
F1, 396.11, 1024, CWND
F1, 396.11, 2048, CWND
F1, 396.21, 3072, CWND
F1, 396.41, 1024, CWND
F1, 396.41, 2048, CWND
F1, 396.61, 3072, CWND
F1, 396.71, 1024, CWND
F1, 396.71, 2048, CWND
F1, 396.81, 3072, CWND
F1, 397.01, 1024, CWND
F1, 397.01, 2048, CWND
F1, 397.11, 3072, CWND
F1, 397.31, 1024, CWND
F1, 397.31, 2048, CWND
F1, 397.41, 3072, CWND
F1, 397.51, 1024, CWND
F1, 397.51, 2048, CWND
F1, 397.61, 3072, CWND
F1, 397.81, 1024, CWND
F1, 397.81, 2048, CWND
F1, 397.91, 3072, CWND
F1, 398.01, 1024, CWND
F1, 398.01, 2048, CWND
F1, 398.21, 3072, CWND
F1, 398.31, 1024, CWND
F1, 398.31, 2048, CWND
F1, 398.51, 3072, CWND
F1, 398.61, 1024, CWND
F1, 398.61, 2048, CWND
F1, 398.71, 3072, CWND
F1, 398.81, 1024, CWND
F1, 398.81, 2048, CWND
F1, 399.01, 3072, CWND
F1, 399.21, 1024, CWND
F1, 399.21, 2048, CWND
F1, 399.31, 3072, CWND
F1, 399.41, 1024, CWND
F1, 399.41, 2048, CWND
F1, 399.61, 3072, CWND
F1, 399.71, 1024, CWND
F1, 399.71, 2048, CWND
F1, 399.81, 3072, CWND
F1, 399.91, 1024, CWND
F1, 399.91, 2048, CWND
F1, 400.11, 3072, CWND
F1, 400.31, 1024, CWND
F1, 400.31, 2048, CWND
F1, 400.41, 3072, CWND
F1, 400.51, 1024, CWND
F1, 400.51, 2048, CWND
F1, 400.71, 3072, CWND
F1, 400.81, 1024, CWND
F1, 400.81, 2048, CWND
F1, 401.01, 3072, CWND
F1, 401.11, 1024, CWND
F1, 401.11, 2048, CWND
F1, 401.21, 3072, CWND
F1, 401.31, 1024, CWND
F1, 401.31, 2048, CWND
F1, 401.51, 3072, CWND
F1, 401.61, 1024, CWND
F1, 401.61, 2048, CWND
F1, 401.71, 3072, CWND
F1, 401.91, 1024, CWND
F1, 401.91, 2048, CWND
F1, 402.01, 3072, CWND
F1, 402.11, 1024, CWND
F1, 402.11, 2048, CWND
F1, 402.31, 3072, CWND
F1, 402.41, 1024, CWND
F1, 402.41, 2048, CWND
F1, 402.61, 3072, CWND
F1, 402.71, 1024, CWND
F1, 402.71, 2048, CWND
F1, 402.81, 3072, CWND
F1, 403.01, 1024, CWND
F1, 403.01, 2048, CWND
F1, 403.11, 3072, CWND
F1, 403.31, 1024, CWND
F1, 403.31, 2048, CWND
F1, 403.41, 3072, CWND
F1, 403.51, 1024, CWND
F1, 403.51, 2048, CWND
F1, 403.61, 3072, CWND
F1, 403.81, 1024, CWND
F1, 403.81, 2048, CWND
F1, 404.01, 3072, CWND
F1, 404.11, 1024, CWND
F1, 404.11, 2048, CWND
F1, 404.21, 3072, CWND
F1, 404.41, 1024, CWND
F1, 404.41, 2048, CWND
F1, 404.51, 3072, CWND
F1, 404.61, 1024, CWND
F1, 404.61, 2048, CWND
F1, 404.71, 3072, CWND
F1, 404.91, 1024, CWND
F1, 404.91, 2048, CWND
F1, 405.01, 3072, CWND
F1, 405.21, 1024, CWND
F1, 405.21, 2048, CWND
F1, 405.31, 3072, CWND
F1, 405.41, 1024, CWND
F1, 405.41, 2048, CWND
F1, 405.51, 3072, CWND
F1, 405.71, 1024, CWND
F1, 405.71, 2048, CWND
F1, 405.91, 3072, CWND
F1, 406.01, 1024, CWND
F1, 406.01, 2048, CWND
F1, 406.11, 3072, CWND
F1, 406.31, 1024, CWND
F1, 406.31, 2048, CWND
F1, 406.41, 3072, CWND
F1, 406.51, 1024, CWND
F1, 406.51, 2048, CWND
F1, 406.61, 3072, CWND
F1, 406.81, 1024, CWND
F1, 406.81, 2048, CWND
F1, 407.01, 3072, CWND
F1, 407.21, 1024, CWND
F1, 407.21, 2048, CWND
F1, 407.41, 3072, CWND
F1, 407.51, 1024, CWND
F1, 407.51, 2048, CWND
F1, 407.71, 3072, CWND
F1, 407.91, 1024, CWND
F1, 407.91, 2048, CWND
F1, 408.01, 3072, CWND
F1, 408.21, 1024, CWND
F1, 408.21, 2048, CWND
F1, 408.51, 3072, CWND
F1, 408.71, 1024, CWND
F1, 408.71, 2048, CWND
F1, 408.81, 3072, CWND
F1, 409.01, 1024, CWND
F1, 409.01, 2048, CWND
F1, 409.11, 3072, CWND
F1, 409.31, 1024, CWND
F1, 409.31, 2048, CWND
F1, 409.41, 3072, CWND
F1, 409.61, 1024, CWND
F1, 409.61, 2048, CWND
F1, 409.71, 3072, CWND
F1, 409.91, 1024, CWND
F1, 409.91, 2048, CWND
F1, 410.11, 3072, CWND
F1, 410.31, 1024, CWND
F1, 410.31, 2048, CWND
F1, 410.51, 3072, CWND
F1, 410.71, 1024, CWND
F1, 410.71, 2048, CWND
F1, 410.81, 3072, CWND
F1, 411.01, 1024, CWND
F1, 411.01, 2048, CWND
F1, 411.21, 3072, CWND
F1, 411.31, 1024, CWND
F1, 411.31, 2048, CWND
F1, 411.61, 3072, CWND
F1, 411.81, 1024, CWND
F1, 411.81, 2048, CWND
F1, 411.91, 3072, CWND
F1, 412.11, 1024, CWND
F1, 412.11, 2048, CWND
F1, 412.21, 3072, CWND
F1, 412.41, 1024, CWND
F1, 412.41, 2048, CWND
F1, 412.61, 3072, CWND
F1, 412.81, 1024, CWND
F1, 412.81, 2048, CWND
F1, 412.91, 3072, CWND
F1, 413.01, 1024, CWND
F1, 413.01, 2048, CWND
F1, 413.21, 3072, CWND
F1, 413.41, 1024, CWND
F1, 413.41, 2048, CWND
F1, 413.51, 3072, CWND
F1, 413.71, 1024, CWND
F1, 413.71, 2048, CWND
F1, 413.91, 3072, CWND
F1, 414.11, 1024, CWND
F1, 414.11, 2048, CWND
F1, 414.31, 3072, CWND
F1, 414.51, 1024, CWND
F1, 414.51, 2048, CWND
F1, 414.61, 3072, CWND
F1, 414.81, 1024, CWND
F1, 414.81, 2048, CWND
F1, 415.01, 3072, CWND
F1, 415.11, 1024, CWND
F1, 415.11, 2048, CWND
F1, 415.31, 3072, CWND
F1, 415.51, 1024, CWND
F1, 415.51, 2048, CWND
F1, 415.61, 3072, CWND
F1, 415.81, 1024, CWND
F1, 415.81, 2048, CWND
F1, 416.01, 3072, CWND
F1, 416.11, 1024, CWND
F1, 416.11, 2048, CWND
F1, 416.31, 3072, CWND
F1, 416.51, 1024, CWND
F1, 416.51, 2048, CWND
F1, 416.71, 3072, CWND
F1, 416.91, 1024, CWND
F1, 416.91, 2048, CWND
F1, 417.01, 3072, CWND
F1, 417.21, 1024, CWND
F1, 417.21, 2048, CWND
F1, 417.41, 3072, CWND
F1, 417.61, 1024, CWND
F1, 417.61, 2048, CWND
F1, 417.81, 3072, CWND
F1, 417.91, 1024, CWND
F1, 417.91, 2048, CWND
F1, 418.01, 3072, CWND
F1, 418.21, 1024, CWND
F1, 418.21, 2048, CWND
F1, 418.31, 3072, CWND
F1, 423.91, 4096, CWND
F1, 424.01, 5120, CWND
F1, 424.11, 1024, CWND
F1, 424.11, 2048, CWND
F1, 424.31, 4096, CWND
F1, 424.51, 1024, CWND
F1, 424.51, 2048, CWND
F1, 424.61, 3072, CWND
F1, 424.81, 1024, CWND
F1, 424.81, 2048, CWND
F1, 424.91, 3072, CWND
F1, 425.01, 1024, CWND
F1, 425.01, 2048, CWND
F1, 425.21, 3072, CWND
F1, 425.31, 1024, CWND
F1, 425.31, 2048, CWND
F1, 425.41, 3072, CWND
F1, 425.61, 1024, CWND
F1, 425.61, 2048, CWND
F1, 425.81, 3072, CWND
F1, 425.91, 1024, CWND
F1, 425.91, 2048, CWND
F1, 426.11, 3072, CWND
F1, 426.21, 1024, CWND
F1, 426.21, 2048, CWND
F1, 426.31, 3072, CWND
F1, 426.51, 1024, CWND
F1, 426.51, 2048, CWND
F1, 426.61, 3072, CWND
F1, 426.81, 1024, CWND
F1, 426.81, 2048, CWND
F1, 426.91, 3072, CWND
F1, 427.11, 1024, CWND
F1, 427.11, 2048, CWND
F1, 427.21, 3072, CWND
F1, 427.31, 1024, CWND
F1, 427.31, 2048, CWND
F1, 427.51, 3072, CWND
F1, 427.61, 1024, CWND
F1, 427.61, 2048, CWND
F1, 427.81, 3072, CWND
F1, 428.01, 1024, CWND
F1, 428.01, 2048, CWND
F1, 428.11, 3072, CWND
F1, 428.21, 1024, CWND
F1, 428.21, 2048, CWND
F1, 428.31, 3072, CWND
F1, 428.51, 1024, CWND
F1, 428.51, 2048, CWND
F1, 428.61, 3072, CWND
F1, 428.81, 1024, CWND
F1, 428.81, 2048, CWND
F1, 428.91, 3072, CWND
F1, 429.11, 1024, CWND
F1, 429.11, 2048, CWND
F1, 429.21, 3072, CWND
F1, 429.31, 1024, CWND
F1, 429.31, 2048, CWND
F1, 429.51, 3072, CWND
F1, 429.71, 1024, CWND
F1, 429.71, 2048, CWND
F1, 429.81, 3072, CWND
F1, 430.01, 1024, CWND
F1, 430.01, 2048, CWND
F1, 430.11, 3072, CWND
F1, 430.31, 1024, CWND
F1, 430.31, 2048, CWND
F1, 430.41, 3072, CWND
F1, 430.51, 1024, CWND
F1, 430.51, 2048, CWND
F1, 430.71, 3072, CWND
F1, 430.81, 1024, CWND
F1, 430.81, 2048, CWND
F1, 431.01, 3072, CWND
F1, 431.11, 1024, CWND
F1, 431.11, 2048, CWND
F1, 431.31, 3072, CWND
F1, 431.51, 1024, CWND
F1, 431.51, 2048, CWND
F1, 431.61, 3072, CWND
F1, 431.71, 1024, CWND
F1, 431.71, 2048, CWND
F1, 431.91, 3072, CWND
F1, 432.01, 1024, CWND
F1, 432.01, 2048, CWND
F1, 432.11, 3072, CWND
F1, 432.31, 1024, CWND
F1, 432.31, 2048, CWND
F1, 432.51, 3072, CWND
F1, 432.61, 1024, CWND
F1, 432.61, 2048, CWND
F1, 432.71, 3072, CWND
F1, 432.91, 1024, CWND
F1, 432.91, 2048, CWND
F1, 433.01, 3072, CWND
F1, 433.11, 1024, CWND
F1, 433.11, 2048, CWND
F1, 433.31, 3072, CWND
F1, 433.41, 1024, CWND
F1, 433.41, 2048, CWND
F1, 433.61, 3072, CWND
F1, 433.71, 1024, CWND
F1, 433.71, 2048, CWND
F1, 433.81, 3072, CWND
F1, 434.01, 1024, CWND
F1, 434.01, 2048, CWND
F1, 434.11, 3072, CWND
F1, 434.31, 1024, CWND
F1, 434.31, 2048, CWND
F1, 434.41, 3072, CWND
F1, 434.61, 1024, CWND
F1, 434.61, 2048, CWND
F1, 434.71, 3072, CWND
F1, 434.81, 1024, CWND
F1, 434.81, 2048, CWND
F1, 434.91, 3072, CWND
F1, 435.01, 1024, CWND
F1, 435.01, 2048, CWND
F1, 435.11, 3072, CWND
F1, 435.21, 1024, CWND
F1, 435.21, 2048, CWND
F1, 435.31, 3072, CWND
F1, 435.41, 1024, CWND
F1, 435.41, 2048, CWND
F1, 435.51, 3072, CWND
F1, 435.61, 1024, CWND
F1, 435.61, 2048, CWND
F1, 435.71, 3072, CWND
F1, 435.81, 1024, CWND
F1, 435.81, 2048, CWND
F1, 435.91, 3072, CWND
F1, 436.01, 1024, CWND
F1, 436.01, 2048, CWND
F1, 436.11, 3072, CWND
F1, 436.21, 1024, CWND
F1, 436.21, 2048, CWND
F1, 436.31, 3072, CWND
F1, 436.41, 1024, CWND
F1, 436.41, 2048, CWND
F1, 436.51, 3072, CWND
F1, 436.61, 1024, CWND
F1, 436.61, 2048, CWND
F1, 436.81, 3072, CWND
F1, 436.91, 1024, CWND
F1, 436.91, 2048, CWND
F1, 437.01, 3072, CWND
F1, 437.11, 1024, CWND
F1, 437.11, 2048, CWND
F1, 437.21, 3072, CWND
F1, 437.31, 1024, CWND
F1, 437.31, 2048, CWND
F1, 437.41, 3072, CWND
F1, 437.51, 1024, CWND
F1, 437.51, 2048, CWND
F1, 437.61, 3072, CWND
F1, 437.71, 1024, CWND
F1, 437.71, 2048, CWND
F1, 437.81, 3072, CWND
F1, 437.91, 1024, CWND
F1, 437.91, 2048, CWND
F1, 438.01, 3072, CWND
F1, 438.11, 1024, CWND
F1, 438.11, 2048, CWND
F1, 438.21, 3072, CWND
F1, 438.31, 1024, CWND
F1, 438.31, 2048, CWND
F1, 438.41, 3072, CWND
F1, 438.51, 1024, CWND
F1, 438.51, 2048, CWND
F1, 438.61, 3072, CWND
F1, 438.71, 1024, CWND
F1, 438.71, 2048, CWND
F1, 438.81, 3072, CWND
F1, 438.91, 1024, CWND
F1, 438.91, 2048, CWND
F1, 439.01, 3072, CWND
F1, 439.11, 1024, CWND
F1, 439.11, 2048, CWND
F1, 439.21, 3072, CWND
F1, 439.31, 1024, CWND
F1, 439.31, 2048, CWND
F1, 439.51, 3072, CWND
F1, 439.61, 1024, CWND
F1, 439.61, 2048, CWND
F1, 439.71, 3072, CWND
F1, 439.91, 1024, CWND
F1, 439.91, 2048, CWND
F1, 440.01, 3072, CWND
F1, 440.11, 1024, CWND
F1, 440.11, 2048, CWND
F1, 440.31, 3072, CWND
F1, 440.51, 1024, CWND
F1, 440.51, 2048, CWND
F1, 440.61, 3072, CWND
F1, 440.81, 1024, CWND
F1, 440.81, 2048, CWND
F1, 440.91, 3072, CWND
F1, 441.01, 1024, CWND
F1, 441.01, 2048, CWND
F1, 441.21, 3072, CWND
F1, 441.41, 1024, CWND
F1, 441.41, 2048, CWND
F1, 441.51, 3072, CWND
F1, 441.61, 1024, CWND
F1, 441.61, 2048, CWND
F1, 441.71, 3072, CWND
F1, 441.91, 1024, CWND
F1, 441.91, 2048, CWND
F1, 442.01, 3072, CWND
F1, 442.21, 1024, CWND
F1, 442.21, 2048, CWND
F1, 442.31, 3072, CWND
F1, 442.41, 1024, CWND
F1, 442.41, 2048, CWND
F1, 442.61, 3072, CWND
F1, 442.71, 1024, CWND
F1, 442.71, 2048, CWND
F1, 442.91, 3072, CWND
F1, 443.11, 1024, CWND
F1, 443.11, 2048, CWND
F1, 443.21, 3072, CWND
F1, 443.41, 1024, CWND
F1, 443.41, 2048, CWND
F1, 443.51, 3072, CWND
F1, 443.61, 1024, CWND
F1, 443.61, 2048, CWND
F1, 443.71, 3072, CWND
F1, 444.01, 1024, CWND
F1, 444.01, 2048, CWND
F1, 444.11, 3072, CWND
F1, 444.21, 1024, CWND
F1, 444.21, 2048, CWND
F1, 444.41, 3072, CWND
F1, 444.51, 1024, CWND
F1, 444.51, 2048, CWND
F1, 444.71, 3072, CWND
F1, 444.81, 1024, CWND
F1, 444.81, 2048, CWND
F1, 445.01, 3072, CWND
F1, 445.11, 1024, CWND
F1, 445.11, 2048, CWND
F1, 445.31, 3072, CWND
F1, 445.41, 1024, CWND
F1, 445.41, 2048, CWND
F1, 445.51, 3072, CWND
F1, 445.71, 1024, CWND
F1, 445.71, 2048, CWND
F1, 445.81, 3072, CWND
F1, 445.91, 1024, CWND
F1, 445.91, 2048, CWND
F1, 446.11, 3072, CWND
F1, 446.21, 1024, CWND
F1, 446.21, 2048, CWND
F1, 446.41, 3072, CWND
F1, 446.51, 1024, CWND
F1, 446.51, 2048, CWND
F1, 446.71, 3072, CWND
F1, 446.91, 1024, CWND
F1, 446.91, 2048, CWND
F1, 447.01, 3072, CWND
F1, 447.21, 1024, CWND
F1, 447.21, 2048, CWND
F1, 447.31, 3072, CWND
F1, 447.41, 1024, CWND
F1, 447.41, 2048, CWND
F1, 447.51, 3072, CWND
F1, 447.61, 1024, CWND
F1, 447.61, 2048, CWND
F1, 447.81, 3072, CWND
F1, 448.01, 1024, CWND
F1, 448.01, 2048, CWND
F1, 448.21, 3072, CWND
F1, 448.31, 1024, CWND
F1, 448.31, 2048, CWND
F1, 448.41, 3072, CWND
F1, 448.51, 1024, CWND
F1, 448.51, 2048, CWND
F1, 448.71, 3072, CWND
F1, 448.91, 1024, CWND
F1, 448.91, 2048, CWND
F1, 449.01, 3072, CWND
F1, 449.11, 1024, CWND
F1, 449.11, 2048, CWND
F1, 449.21, 3072, CWND
F1, 449.41, 1024, CWND
F1, 449.41, 2048, CWND
F1, 449.61, 3072, CWND
F1, 449.71, 1024, CWND
F1, 449.71, 2048, CWND
F1, 449.91, 3072, CWND
F1, 450.01, 1024, CWND
F1, 450.01, 2048, CWND
F1, 450.11, 3072, CWND
F1, 450.31, 1024, CWND
F1, 450.31, 2048, CWND
F1, 450.41, 3072, CWND
F1, 450.61, 1024, CWND
F1, 450.61, 2048, CWND
F1, 450.71, 3072, CWND
F1, 450.91, 1024, CWND
F1, 450.91, 2048, CWND
F1, 451.01, 3072, CWND
F1, 451.11, 1024, CWND
F1, 451.11, 2048, CWND
F1, 451.31, 3072, CWND
F1, 451.51, 1024, CWND
F1, 451.51, 2048, CWND
F1, 451.71, 3072, CWND
F1, 451.81, 1024, CWND
F1, 451.81, 2048, CWND
F1, 452.01, 3072, CWND
F1, 452.21, 1024, CWND
F1, 452.21, 2048, CWND
F1, 452.41, 3072, CWND
F1, 452.71, 1024, CWND
F1, 452.71, 2048, CWND
F1, 452.91, 3072, CWND
F1, 453.11, 1024, CWND
F1, 453.11, 2048, CWND
F1, 453.31, 3072, CWND
F1, 453.41, 1024, CWND
F1, 453.41, 2048, CWND
F1, 453.61, 3072, CWND
F1, 453.81, 1024, CWND
F1, 453.81, 2048, CWND
F1, 454.01, 3072, CWND
F1, 454.21, 1024, CWND
F1, 454.21, 2048, CWND
F1, 454.41, 3072, CWND
F1, 454.61, 1024, CWND
F1, 454.61, 2048, CWND
F1, 454.81, 3072, CWND
F1, 455.01, 1024, CWND
F1, 455.01, 2048, CWND
F1, 455.21, 3072, CWND
F1, 455.51, 1024, CWND
F1, 455.51, 2048, CWND
F1, 455.71, 3072, CWND
F1, 455.91, 1024, CWND
F1, 455.91, 2048, CWND
F1, 456.11, 3072, CWND
F1, 456.21, 1024, CWND
F1, 456.21, 2048, CWND
F1, 456.41, 3072, CWND
F1, 456.61, 1024, CWND
F1, 456.61, 2048, CWND
F1, 456.71, 3072, CWND
F1, 456.91, 1024, CWND
F1, 456.91, 2048, CWND
F1, 457.11, 3072, CWND
F1, 457.41, 1024, CWND
F1, 457.41, 2048, CWND
F1, 457.51, 3072, CWND
F1, 457.71, 1024, CWND
F1, 457.71, 2048, CWND
F1, 457.91, 3072, CWND
F1, 458.11, 1024, CWND
F1, 458.11, 2048, CWND
F1, 458.21, 3072, CWND
F1, 458.51, 1024, CWND
F1, 458.51, 2048, CWND
F1, 458.71, 3072, CWND
F1, 458.81, 1024, CWND
F1, 458.81, 2048, CWND
F1, 459.01, 3072, CWND
F1, 459.21, 1024, CWND
F1, 459.21, 2048, CWND
F1, 459.41, 3072, CWND
F1, 459.71, 1024, CWND
F1, 459.71, 2048, CWND
F1, 460.11, 3072, CWND
F1, 460.31, 1024, CWND
F1, 460.31, 2048, CWND
F1, 460.71, 3072, CWND
F1, 460.91, 1024, CWND
F1, 460.91, 2048, CWND
F1, 461.21, 3072, CWND
F1, 461.51, 1024, CWND
F1, 461.51, 2048, CWND
F1, 461.71, 3072, CWND
F1, 462.01, 1024, CWND
F1, 462.01, 2048, CWND
F1, 462.31, 3072, CWND
F1, 462.71, 1024, CWND
F1, 462.71, 2048, CWND
F1, 462.91, 3072, CWND
F1, 463.11, 1024, CWND
F1, 463.11, 2048, CWND
F1, 463.31, 3072, CWND
F1, 463.51, 1024, CWND
F1, 463.51, 2048, CWND
F1, 463.61, 3072, CWND
F1, 463.81, 1024, CWND
F1, 463.81, 2048, CWND
F1, 464.01, 3072, CWND
F1, 464.11, 1024, CWND
F1, 464.11, 2048, CWND
F1, 464.31, 3072, CWND
F1, 464.51, 1024, CWND
F1, 464.51, 2048, CWND
F1, 464.61, 3072, CWND
F1, 464.81, 1024, CWND
F1, 464.81, 2048, CWND
F1, 465.01, 3072, CWND
F1, 465.11, 1024, CWND
F1, 465.11, 2048, CWND
F1, 465.31, 3072, CWND
F1, 465.41, 1024, CWND
F1, 465.41, 2048, CWND
F1, 465.61, 3072, CWND
F1, 465.81, 1024, CWND
F1, 465.81, 2048, CWND
F1, 465.91, 3072, CWND
F1, 466.11, 1024, CWND
F1, 466.11, 2048, CWND
F1, 466.21, 3072, CWND
F1, 466.41, 1024, CWND
F1, 466.41, 2048, CWND
F1, 466.51, 3072, CWND
F1, 466.71, 1024, CWND
F1, 466.71, 2048, CWND
F1, 466.91, 3072, CWND
F1, 467.01, 1024, CWND
F1, 467.01, 2048, CWND
F1, 467.11, 3072, CWND
F1, 467.21, 1024, CWND
F1, 467.21, 2048, CWND
F1, 467.31, 3072, CWND
F1, 467.51, 1024, CWND
F1, 467.51, 2048, CWND
F1, 467.61, 3072, CWND
F1, 467.71, 1024, CWND
F1, 467.71, 2048, CWND
F1, 467.91, 3072, CWND
F1, 468.01, 1024, CWND
F1, 468.01, 2048, CWND
F1, 468.11, 3072, CWND
F1, 468.21, 1024, CWND
F1, 468.21, 2048, CWND
F1, 468.31, 3072, CWND
F1, 468.51, 1024, CWND
F1, 468.51, 2048, CWND
F1, 468.61, 3072, CWND
F1, 468.71, 1024, CWND
F1, 468.71, 2048, CWND
F1, 468.91, 3072, CWND
F1, 469.01, 1024, CWND
F1, 469.01, 2048, CWND
F1, 469.11, 3072, CWND
F1, 469.21, 1024, CWND
F1, 469.21, 2048, CWND
F1, 469.41, 3072, CWND
F1, 469.51, 1024, CWND
F1, 469.51, 2048, CWND
F1, 469.61, 3072, CWND
F1, 469.71, 1024, CWND
F1, 469.71, 2048, CWND
F1, 469.91, 3072, CWND
F1, 470.11, 1024, CWND
F1, 470.11, 2048, CWND
F1, 470.21, 3072, CWND
F1, 470.31, 1024, CWND
F1, 470.31, 2048, CWND
F1, 470.41, 3072, CWND
F1, 470.61, 1024, CWND
F1, 470.61, 2048, CWND
F1, 470.71, 3072, CWND
F1, 470.91, 1024, CWND
F1, 470.91, 2048, CWND
F1, 471.01, 3072, CWND
F1, 471.11, 1024, CWND
F1, 471.11, 2048, CWND
F1, 471.21, 3072, CWND
F1, 471.31, 1024, CWND
F1, 471.31, 2048, CWND
F1, 471.51, 3072, CWND
F1, 471.61, 1024, CWND
F1, 471.61, 2048, CWND
F1, 471.71, 3072, CWND
F1, 472.01, 1024, CWND
F1, 472.01, 2048, CWND
F1, 472.11, 3072, CWND
F1, 472.21, 1024, CWND
F1, 472.21, 2048, CWND
F1, 472.31, 3072, CWND
F1, 472.51, 1024, CWND
F1, 472.51, 2048, CWND
F1, 472.61, 3072, CWND
F1, 472.71, 1024, CWND
F1, 472.71, 2048, CWND
F1, 472.91, 3072, CWND
F1, 473.01, 1024, CWND
F1, 473.01, 2048, CWND
F1, 473.11, 3072, CWND
F1, 473.21, 1024, CWND
F1, 473.21, 2048, CWND
F1, 473.31, 3072, CWND
F1, 473.51, 1024, CWND
F1, 473.51, 2048, CWND
F1, 473.61, 3072, CWND
F1, 473.81, 1024, CWND
F1, 473.81, 2048, CWND
F1, 473.91, 3072, CWND
F1, 474.01, 1024, CWND
F1, 474.01, 2048, CWND
F1, 474.11, 3072, CWND
F1, 474.31, 1024, CWND
F1, 474.31, 2048, CWND
F1, 474.41, 3072, CWND
F1, 474.61, 1024, CWND
F1, 474.61, 2048, CWND
F1, 474.81, 3072, CWND
F1, 474.91, 1024, CWND
F1, 474.91, 2048, CWND
F1, 475.01, 3072, CWND
F1, 475.21, 1024, CWND
F1, 475.21, 2048, CWND
F1, 475.31, 3072, CWND
F1, 475.41, 1024, CWND
F1, 475.41, 2048, CWND
F1, 475.51, 3072, CWND
F1, 475.71, 1024, CWND
F1, 475.71, 2048, CWND
F1, 475.91, 3072, CWND
F1, 476.01, 1024, CWND
F1, 476.01, 2048, CWND
F1, 476.11, 3072, CWND
F1, 476.31, 1024, CWND
F1, 476.31, 2048, CWND
F1, 476.41, 3072, CWND
F1, 476.61, 1024, CWND
F1, 476.61, 2048, CWND
F1, 476.71, 3072, CWND
F1, 476.91, 1024, CWND
F1, 476.91, 2048, CWND
F1, 477.01, 3072, CWND
F1, 477.21, 1024, CWND
F1, 477.21, 2048, CWND
F1, 477.31, 3072, CWND
F1, 477.41, 1024, CWND
F1, 477.41, 2048, CWND
F1, 477.61, 3072, CWND
F1, 477.71, 1024, CWND
F1, 477.71, 2048, CWND
F1, 477.91, 3072, CWND
F1, 478.01, 1024, CWND
F1, 478.01, 2048, CWND
F1, 478.21, 3072, CWND
F1, 478.41, 1024, CWND
F1, 478.41, 2048, CWND
F1, 478.61, 3072, CWND
F1, 478.71, 1024, CWND
F1, 478.71, 2048, CWND
F1, 478.81, 3072, CWND
F1, 479.01, 1024, CWND
F1, 479.01, 2048, CWND
F1, 479.11, 3072, CWND
F1, 479.31, 1024, CWND
F1, 479.31, 2048, CWND
F1, 479.41, 3072, CWND
F1, 479.61, 1024, CWND
F1, 479.61, 2048, CWND
F1, 479.81, 3072, CWND
F1, 479.91, 1024, CWND
F1, 479.91, 2048, CWND
F1, 480.11, 3072, CWND
F1, 480.21, 1024, CWND
F1, 480.21, 2048, CWND
F1, 480.41, 3072, CWND
F1, 480.61, 1024, CWND
F1, 480.61, 2048, CWND
F1, 480.71, 3072, CWND
F1, 480.81, 1024, CWND
F1, 480.81, 2048, CWND
F1, 481.01, 3072, CWND
F1, 481.11, 1024, CWND
F1, 481.11, 2048, CWND
F1, 481.31, 3072, CWND
F1, 481.51, 1024, CWND
F1, 481.51, 2048, CWND
F1, 481.61, 3072, CWND
F1, 481.71, 1024, CWND
F1, 481.71, 2048, CWND
F1, 481.91, 3072, CWND
F1, 482.11, 1024, CWND
F1, 482.11, 2048, CWND
F1, 482.31, 3072, CWND
F1, 482.41, 1024, CWND
F1, 482.41, 2048, CWND
F1, 482.61, 3072, CWND
F1, 482.81, 1024, CWND
F1, 482.81, 2048, CWND
F1, 482.91, 3072, CWND
F1, 483.11, 1024, CWND
F1, 483.11, 2048, CWND
F1, 483.31, 3072, CWND
F1, 483.41, 1024, CWND
F1, 483.41, 2048, CWND
F1, 483.61, 3072, CWND
F1, 483.81, 1024, CWND
F1, 483.81, 2048, CWND
F1, 484.01, 3072, CWND
F1, 484.21, 1024, CWND
F1, 484.21, 2048, CWND
F1, 484.31, 3072, CWND
F1, 484.41, 1024, CWND
F1, 484.41, 2048, CWND
F1, 484.61, 3072, CWND
F1, 484.71, 1024, CWND
F1, 484.71, 2048, CWND
F1, 484.91, 3072, CWND
F1, 485.11, 1024, CWND
F1, 485.11, 2048, CWND
F1, 485.31, 3072, CWND
F1, 485.51, 1024, CWND
F1, 485.51, 2048, CWND
F1, 485.61, 3072, CWND
F1, 485.81, 1024, CWND
F1, 485.81, 2048, CWND
F1, 485.91, 3072, CWND
F1, 486.11, 1024, CWND
F1, 486.11, 2048, CWND
F1, 486.71, 3072, CWND
F1, 486.91, 4096, CWND
F1, 487.01, 1024, CWND
F1, 487.01, 2048, CWND
F1, 487.21, 3072, CWND
F1, 487.41, 1024, CWND
F1, 487.41, 2048, CWND
F1, 487.71, 3072, CWND
F1, 487.81, 1024, CWND
F1, 487.81, 2048, CWND
F1, 488.01, 3072, CWND
F1, 488.21, 1024, CWND
F1, 488.21, 2048, CWND
F1, 488.41, 3072, CWND
F1, 488.61, 1024, CWND
F1, 488.61, 2048, CWND
F1, 488.81, 3072, CWND
F1, 489.01, 1024, CWND
F1, 489.01, 2048, CWND
F1, 489.21, 3072, CWND
F1, 489.41, 1024, CWND
F1, 489.41, 2048, CWND
F1, 489.71, 3072, CWND
F1, 489.91, 1024, CWND
F1, 489.91, 2048, CWND
F1, 490.11, 3072, CWND
F1, 490.21, 1024, CWND
F1, 490.21, 2048, CWND
F1, 490.51, 3072, CWND
F1, 490.71, 1024, CWND
F1, 490.71, 2048, CWND
F1, 490.81, 3072, CWND
F1, 490.91, 1024, CWND
F1, 490.91, 2048, CWND
F1, 491.11, 3072, CWND
F1, 491.31, 1024, CWND
F1, 491.31, 2048, CWND
F1, 491.51, 3072, CWND
F1, 491.61, 1024, CWND
F1, 491.61, 2048, CWND
F1, 491.81, 3072, CWND
F1, 491.91, 1024, CWND
F1, 491.91, 2048, CWND
F1, 492.01, 3072, CWND
F1, 492.21, 1024, CWND
F1, 492.21, 2048, CWND
F1, 492.41, 3072, CWND
F1, 492.61, 1024, CWND
F1, 492.61, 2048, CWND
F1, 492.71, 3072, CWND
F1, 492.81, 1024, CWND
F1, 492.81, 2048, CWND
F1, 493.01, 3072, CWND
F1, 493.11, 1024, CWND
F1, 493.11, 2048, CWND
F1, 493.31, 3072, CWND
F1, 493.41, 1024, CWND
F1, 493.41, 2048, CWND
F1, 493.61, 3072, CWND
F1, 493.71, 1024, CWND
F1, 493.71, 2048, CWND
F1, 493.91, 3072, CWND
F1, 494.01, 1024, CWND
F1, 494.01, 2048, CWND
F1, 494.11, 3072, CWND
F1, 494.21, 1024, CWND
F1, 494.21, 2048, CWND
F1, 494.31, 3072, CWND
F1, 494.41, 1024, CWND
F1, 494.41, 2048, CWND
F1, 494.61, 3072, CWND
F1, 494.71, 1024, CWND
F1, 494.71, 2048, CWND
F1, 494.91, 3072, CWND
F1, 495.01, 1024, CWND
F1, 495.01, 2048, CWND
F1, 495.11, 3072, CWND
F1, 495.31, 1024, CWND
F1, 495.31, 2048, CWND
F1, 495.41, 3072, CWND
F1, 495.61, 1024, CWND
F1, 495.61, 2048, CWND
F1, 495.71, 3072, CWND
F1, 495.81, 1024, CWND
F1, 495.81, 2048, CWND
F1, 496.01, 3072, CWND
F1, 496.11, 1024, CWND
F1, 496.11, 2048, CWND
F1, 496.21, 3072, CWND
F1, 496.41, 1024, CWND
F1, 496.41, 2048, CWND
F1, 496.51, 3072, CWND
F1, 496.61, 1024, CWND
F1, 496.61, 2048, CWND
F1, 496.71, 3072, CWND
F1, 496.91, 1024, CWND
F1, 496.91, 2048, CWND
F1, 497.01, 3072, CWND
F1, 497.11, 1024, CWND
F1, 497.11, 2048, CWND
F1, 497.31, 3072, CWND
F1, 497.41, 1024, CWND
F1, 497.41, 2048, CWND
F1, 497.61, 3072, CWND
F1, 497.71, 1024, CWND
F1, 497.71, 2048, CWND
F1, 497.81, 3072, CWND
F1, 498.01, 1024, CWND
F1, 498.01, 2048, CWND
F1, 498.11, 3072, CWND
F1, 498.31, 1024, CWND
F1, 498.31, 2048, CWND
F1, 498.41, 3072, CWND
F1, 498.61, 1024, CWND
F1, 498.61, 2048, CWND
F1, 498.71, 3072, CWND
F1, 498.91, 1024, CWND
F1, 498.91, 2048, CWND
F1, 499.01, 3072, CWND
F1, 499.21, 1024, CWND
F1, 499.21, 2048, CWND
F1, 499.31, 3072, CWND
F1, 499.41, 1024, CWND
F1, 499.41, 2048, CWND
F1, 499.61, 3072, CWND
F1, 499.71, 1024, CWND
F1, 499.71, 2048, CWND
F1, 499.91, 3072, CWND
F1, 500.01, 1024, CWND
F1, 500.01, 2048, CWND
F1, 500.21, 3072, CWND
F1, 500.41, 1024, CWND
F1, 500.41, 2048, CWND
F1, 500.51, 3072, CWND
F1, 500.71, 1024, CWND
F1, 500.71, 2048, CWND
F1, 500.81, 3072, CWND
F1, 501.01, 1024, CWND
F1, 501.01, 2048, CWND
F1, 501.11, 3072, CWND
F1, 501.31, 1024, CWND
F1, 501.31, 2048, CWND
F1, 501.41, 3072, CWND
F1, 501.61, 1024, CWND
F1, 501.61, 2048, CWND
F1, 501.81, 3072, CWND
F1, 502.01, 1024, CWND
F1, 502.01, 2048, CWND
F1, 502.11, 3072, CWND
F1, 502.31, 1024, CWND
F1, 502.31, 2048, CWND
F1, 502.41, 3072, CWND
F1, 502.61, 1024, CWND
F1, 502.61, 2048, CWND
F1, 502.81, 3072, CWND
F1, 503.01, 1024, CWND
F1, 503.01, 2048, CWND
F1, 503.11, 3072, CWND
F1, 503.31, 1024, CWND
F1, 503.31, 2048, CWND
F1, 503.41, 3072, CWND
F1, 503.51, 1024, CWND
F1, 503.51, 2048, CWND
F1, 503.71, 3072, CWND
F1, 503.91, 1024, CWND
F1, 503.91, 2048, CWND
F1, 504.01, 3072, CWND
F1, 504.21, 1024, CWND
F1, 504.21, 2048, CWND
F1, 504.41, 3072, CWND
F1, 504.61, 1024, CWND
F1, 504.61, 2048, CWND
F1, 504.81, 3072, CWND
F1, 504.91, 1024, CWND
F1, 504.91, 2048, CWND
F1, 505.11, 3072, CWND
F1, 505.21, 1024, CWND
F1, 505.21, 2048, CWND
F1, 505.41, 3072, CWND
F1, 505.51, 1024, CWND
F1, 505.51, 2048, CWND
F1, 505.71, 3072, CWND
F1, 505.91, 1024, CWND
F1, 505.91, 2048, CWND
F1, 506.11, 3072, CWND
F1, 506.31, 1024, CWND
F1, 506.31, 2048, CWND
F1, 506.61, 3072, CWND
F1, 506.71, 1024, CWND
F1, 506.71, 2048, CWND
F1, 506.91, 3072, CWND
F1, 507.01, 1024, CWND
F1, 507.01, 2048, CWND
F1, 507.21, 3072, CWND
F1, 507.41, 1024, CWND
F1, 507.41, 2048, CWND
F1, 507.61, 3072, CWND
F1, 507.81, 1024, CWND
F1, 507.81, 2048, CWND
F1, 508.01, 3072, CWND
F1, 508.21, 1024, CWND
F1, 508.21, 2048, CWND
F1, 508.51, 3072, CWND
F1, 508.61, 1024, CWND
F1, 508.61, 2048, CWND
F1, 508.71, 3072, CWND
F1, 508.91, 1024, CWND
F1, 508.91, 2048, CWND
F1, 509.11, 3072, CWND
F1, 509.31, 1024, CWND
F1, 509.31, 2048, CWND
F1, 509.41, 3072, CWND
F1, 509.61, 1024, CWND
F1, 509.61, 2048, CWND
F1, 509.71, 3072, CWND
F1, 509.91, 1024, CWND
F1, 509.91, 2048, CWND
F1, 510.11, 3072, CWND
F1, 510.21, 1024, CWND
F1, 510.21, 2048, CWND
F1, 510.41, 3072, CWND
F1, 510.61, 1024, CWND
F1, 510.61, 2048, CWND
F1, 510.81, 3072, CWND
F1, 510.91, 1024, CWND
F1, 510.91, 2048, CWND
F1, 511.01, 3072, CWND
F1, 511.11, 1024, CWND
F1, 511.11, 2048, CWND
F1, 511.31, 3072, CWND
F1, 511.41, 1024, CWND
F1, 511.41, 2048, CWND
F1, 511.61, 3072, CWND
F1, 511.71, 1024, CWND
F1, 511.71, 2048, CWND
F1, 511.91, 3072, CWND
F1, 512.01, 1024, CWND
F1, 512.01, 2048, CWND
F1, 512.21, 3072, CWND
F1, 512.31, 1024, CWND
F1, 512.31, 2048, CWND
F1, 512.41, 3072, CWND
F1, 512.61, 1024, CWND
F1, 512.61, 2048, CWND
F1, 512.71, 3072, CWND
F1, 512.91, 1024, CWND
F1, 512.91, 2048, CWND
F1, 513.01, 3072, CWND
F1, 513.11, 1024, CWND
F1, 513.11, 2048, CWND
F1, 513.31, 3072, CWND
F1, 513.41, 1024, CWND
F1, 513.41, 2048, CWND
F1, 513.61, 3072, CWND
F1, 513.71, 1024, CWND
F1, 513.71, 2048, CWND
F1, 513.91, 3072, CWND
F1, 514.01, 1024, CWND
F1, 514.01, 2048, CWND
F1, 514.11, 3072, CWND
F1, 514.31, 1024, CWND
F1, 514.31, 2048, CWND
F1, 514.41, 3072, CWND
F1, 514.61, 1024, CWND
F1, 514.61, 2048, CWND
F1, 514.71, 3072, CWND
F1, 514.91, 1024, CWND
F1, 514.91, 2048, CWND
F1, 515.01, 3072, CWND
F1, 515.21, 1024, CWND
F1, 515.21, 2048, CWND
F1, 515.31, 3072, CWND
F1, 515.41, 1024, CWND
F1, 515.41, 2048, CWND
F1, 515.61, 3072, CWND
F1, 515.81, 1024, CWND
F1, 515.81, 2048, CWND
F1, 516.01, 3072, CWND
F1, 516.11, 1024, CWND
F1, 516.11, 2048, CWND
F1, 516.31, 3072, CWND
F1, 516.41, 1024, CWND
F1, 516.41, 2048, CWND
F1, 516.61, 3072, CWND
F1, 516.71, 1024, CWND
F1, 516.71, 2048, CWND
F1, 516.91, 3072, CWND
F1, 517.11, 1024, CWND
F1, 517.11, 2048, CWND
F1, 517.21, 3072, CWND
F1, 517.41, 1024, CWND
F1, 517.41, 2048, CWND
F1, 517.51, 3072, CWND
F1, 517.71, 1024, CWND
F1, 517.71, 2048, CWND
F1, 517.91, 3072, CWND
F1, 518.11, 1024, CWND
F1, 518.11, 2048, CWND
F1, 518.21, 3072, CWND
F1, 518.41, 1024, CWND
F1, 518.41, 2048, CWND
F1, 518.61, 3072, CWND
F1, 518.71, 1024, CWND
F1, 518.71, 2048, CWND
F1, 518.81, 3072, CWND
F1, 519.01, 1024, CWND
F1, 519.01, 2048, CWND
F1, 519.21, 3072, CWND
F1, 519.41, 1024, CWND
F1, 519.41, 2048, CWND
F1, 519.51, 3072, CWND
F1, 519.71, 4096, CWND
F1, 519.91, 1024, CWND
F1, 519.91, 2048, CWND
F1, 520.01, 3072, CWND
F1, 520.11, 1024, CWND
F1, 520.11, 2048, CWND
F1, 520.41, 3072, CWND
F1, 520.51, 1024, CWND
F1, 520.51, 2048, CWND
F1, 520.71, 3072, CWND
F1, 520.91, 1024, CWND
F1, 520.91, 2048, CWND
F1, 521.01, 3072, CWND
F1, 521.21, 1024, CWND
F1, 521.21, 2048, CWND
F1, 521.31, 3072, CWND
F1, 521.51, 1024, CWND
F1, 521.51, 2048, CWND
F1, 521.71, 3072, CWND
F1, 521.81, 1024, CWND
F1, 521.81, 2048, CWND
F1, 522.01, 3072, CWND
F1, 522.21, 1024, CWND
F1, 522.21, 2048, CWND
F1, 522.31, 3072, CWND
F1, 522.51, 1024, CWND
F1, 522.51, 2048, CWND
F1, 522.71, 3072, CWND
F1, 522.81, 1024, CWND
F1, 522.81, 2048, CWND
F1, 523.01, 3072, CWND
F1, 523.11, 1024, CWND
F1, 523.11, 2048, CWND
F1, 523.21, 3072, CWND
F1, 523.41, 1024, CWND
F1, 523.41, 2048, CWND
F1, 523.61, 3072, CWND
F1, 523.71, 1024, CWND
F1, 523.71, 2048, CWND
F1, 523.91, 3072, CWND
F1, 524.01, 1024, CWND
F1, 524.01, 2048, CWND
F1, 524.11, 3072, CWND
F1, 524.31, 1024, CWND
F1, 524.31, 2048, CWND
F1, 524.51, 3072, CWND
F1, 524.81, 1024, CWND
F1, 524.81, 2048, CWND
F1, 524.91, 3072, CWND
F1, 525.11, 1024, CWND
F1, 525.11, 2048, CWND
F1, 525.21, 3072, CWND
F1, 525.31, 1024, CWND
F1, 525.31, 2048, CWND
F1, 525.51, 3072, CWND
F1, 525.61, 1024, CWND
F1, 525.61, 2048, CWND
F1, 525.81, 3072, CWND
F1, 525.91, 1024, CWND
F1, 525.91, 2048, CWND
F1, 526.11, 3072, CWND
F1, 526.31, 1024, CWND
F1, 526.31, 2048, CWND
F1, 526.41, 3072, CWND
F1, 526.51, 1024, CWND
F1, 526.51, 2048, CWND
F1, 526.71, 3072, CWND
F1, 526.91, 1024, CWND
F1, 526.91, 2048, CWND
F1, 527.01, 3072, CWND
F1, 527.21, 1024, CWND
F1, 527.21, 2048, CWND
F1, 527.31, 3072, CWND
F1, 527.51, 1024, CWND
F1, 527.51, 2048, CWND
F1, 527.61, 3072, CWND
F1, 527.71, 1024, CWND
F1, 527.71, 2048, CWND
F1, 527.91, 3072, CWND
F1, 528.11, 1024, CWND
F1, 528.11, 2048, CWND
F1, 528.31, 3072, CWND
F1, 528.41, 1024, CWND
F1, 528.41, 2048, CWND
F1, 528.61, 3072, CWND
F1, 528.71, 1024, CWND
F1, 528.71, 2048, CWND
F1, 528.91, 3072, CWND
F1, 529.01, 1024, CWND
F1, 529.01, 2048, CWND
F1, 529.21, 3072, CWND
F1, 529.41, 1024, CWND
F1, 529.41, 2048, CWND
F1, 529.51, 3072, CWND
F1, 529.71, 1024, CWND
F1, 529.71, 2048, CWND
F1, 529.81, 3072, CWND
F1, 530.01, 1024, CWND
F1, 530.01, 2048, CWND
F1, 530.11, 3072, CWND
F1, 530.31, 1024, CWND
F1, 530.31, 2048, CWND
F1, 530.51, 3072, CWND
F1, 530.71, 1024, CWND
F1, 530.71, 2048, CWND
F1, 530.91, 3072, CWND
F1, 531.11, 1024, CWND
F1, 531.11, 2048, CWND
F1, 531.21, 3072, CWND
F1, 531.41, 1024, CWND
F1, 531.41, 2048, CWND
F1, 531.51, 3072, CWND
F1, 531.71, 1024, CWND
F1, 531.71, 2048, CWND
F1, 531.81, 3072, CWND
F1, 531.91, 1024, CWND
F1, 531.91, 2048, CWND
F1, 532.11, 3072, CWND
F1, 532.31, 1024, CWND
F1, 532.31, 2048, CWND
F1, 532.41, 3072, CWND
F1, 532.61, 1024, CWND
F1, 532.61, 2048, CWND
F1, 532.71, 3072, CWND
F1, 532.91, 1024, CWND
F1, 532.91, 2048, CWND
F1, 533.01, 3072, CWND
F1, 533.21, 1024, CWND
F1, 533.21, 2048, CWND
F1, 533.31, 3072, CWND
F1, 533.51, 1024, CWND
F1, 533.51, 2048, CWND
F1, 533.71, 3072, CWND
F1, 533.91, 1024, CWND
F1, 533.91, 2048, CWND
F1, 534.01, 3072, CWND
F1, 534.11, 1024, CWND
F1, 534.11, 2048, CWND
F1, 534.31, 3072, CWND
F1, 534.41, 1024, CWND
F1, 534.41, 2048, CWND
F1, 534.61, 3072, CWND
F1, 534.81, 1024, CWND
F1, 534.81, 2048, CWND
F1, 534.91, 3072, CWND
F1, 535.11, 1024, CWND
F1, 535.11, 2048, CWND
F1, 535.21, 3072, CWND
F1, 535.41, 1024, CWND
F1, 535.41, 2048, CWND
F1, 535.51, 3072, CWND
F1, 535.71, 1024, CWND
F1, 535.71, 2048, CWND
F1, 535.91, 3072, CWND
F1, 536.11, 4096, CWND
F1, 536.21, 1024, CWND
F1, 536.21, 2048, CWND
F1, 536.31, 3072, CWND
F1, 536.51, 1024, CWND
F1, 536.51, 2048, CWND
F1, 536.61, 3072, CWND
F1, 536.81, 1024, CWND
F1, 536.81, 2048, CWND
F1, 537.01, 3072, CWND
F1, 537.11, 1024, CWND
F1, 537.11, 2048, CWND
F1, 537.31, 3072, CWND
F1, 537.41, 1024, CWND
F1, 537.41, 2048, CWND
F1, 537.61, 3072, CWND
F1, 537.71, 1024, CWND
F1, 537.71, 2048, CWND
F1, 537.81, 3072, CWND
F1, 538.11, 1024, CWND
F1, 538.11, 2048, CWND
F1, 538.21, 3072, CWND
F1, 538.41, 1024, CWND
F1, 538.41, 2048, CWND
F1, 538.51, 3072, CWND
F1, 538.71, 1024, CWND
F1, 538.71, 2048, CWND
F1, 538.91, 3072, CWND
F1, 539.01, 1024, CWND
F1, 539.01, 2048, CWND
F1, 539.21, 3072, CWND
F1, 539.31, 1024, CWND
F1, 539.31, 2048, CWND
F1, 539.41, 3072, CWND
F1, 539.61, 1024, CWND
F1, 539.61, 2048, CWND
F1, 539.81, 3072, CWND
F1, 540.01, 1024, CWND
F1, 540.01, 2048, CWND
F1, 540.11, 3072, CWND
F1, 540.21, 1024, CWND
F1, 540.21, 2048, CWND
F1, 540.41, 3072, CWND
F1, 540.51, 1024, CWND
F1, 540.51, 2048, CWND
F1, 540.71, 3072, CWND
F1, 540.81, 1024, CWND
F1, 540.81, 2048, CWND
F1, 541.01, 3072, CWND
F1, 541.21, 1024, CWND
F1, 541.21, 2048, CWND
F1, 541.41, 3072, CWND
F1, 541.51, 1024, CWND
F1, 541.51, 2048, CWND
F1, 541.71, 3072, CWND
F1, 541.81, 1024, CWND
F1, 541.81, 2048, CWND
F1, 542.01, 3072, CWND
F1, 542.21, 1024, CWND
F1, 542.21, 2048, CWND
F1, 542.41, 3072, CWND
F1, 542.61, 1024, CWND
F1, 542.61, 2048, CWND
F1, 542.71, 3072, CWND
F1, 542.81, 1024, CWND
F1, 542.81, 2048, CWND
F1, 543.01, 3072, CWND
F1, 543.11, 1024, CWND
F1, 543.11, 2048, CWND
F1, 543.31, 3072, CWND
F1, 543.51, 1024, CWND
F1, 543.51, 2048, CWND
F1, 543.71, 3072, CWND
F1, 543.81, 1024, CWND
F1, 543.81, 2048, CWND
F1, 543.91, 3072, CWND
F1, 544.11, 4096, CWND
F1, 544.21, 1024, CWND
F1, 544.21, 2048, CWND
F1, 544.41, 3072, CWND
F1, 544.61, 1024, CWND
F1, 544.61, 2048, CWND
F1, 544.71, 3072, CWND
F1, 544.81, 1024, CWND
F1, 544.81, 2048, CWND
F1, 545.01, 3072, CWND
F1, 545.21, 1024, CWND
F1, 545.21, 2048, CWND
F1, 545.31, 3072, CWND
F1, 545.51, 1024, CWND
F1, 545.51, 2048, CWND
F1, 545.61, 3072, CWND
F1, 545.81, 1024, CWND
F1, 545.81, 2048, CWND
F1, 545.91, 3072, CWND
F1, 546.143, 1024, CWND
F1, 546.143, 2048, CWND
F1, 546.243, 3072, CWND
F1, 546.443, 1024, CWND
F1, 546.443, 2048, CWND
F1, 546.654, 3072, CWND
F1, 546.865, 1024, CWND
F1, 546.865, 2048, CWND
F1, 546.965, 3072, CWND
F1, 547.165, 1024, CWND
F1, 547.165, 2048, CWND
F1, 547.376, 3072, CWND
F1, 547.476, 1024, CWND
F1, 547.476, 2048, CWND
F1, 547.686, 3072, CWND
F1, 547.897, 1024, CWND
F1, 547.897, 2048, CWND
F1, 548.108, 3072, CWND
F1, 548.318, 4096, CWND
F1, 548.529, 1024, CWND
F1, 548.529, 2048, CWND
F1, 548.629, 3072, CWND
F1, 548.829, 1024, CWND
F1, 548.829, 2048, CWND
F1, 549.04, 3072, CWND
F1, 549.243, 1024, CWND
F1, 549.243, 2048, CWND
F1, 549.343, 3072, CWND
F1, 549.543, 1024, CWND
F1, 549.543, 2048, CWND
F1, 549.643, 3072, CWND
F1, 549.843, 1024, CWND
F1, 549.843, 2048, CWND
F1, 549.943, 3072, CWND
F1, 550.143, 4096, CWND
F1, 550.243, 5120, CWND
F1, 550.361, 1024, CWND
F1, 550.361, 2048, CWND
F1, 550.572, 4096, CWND
F1, 550.783, 1024, CWND
F1, 550.783, 2048, CWND
F1, 551.204, 3072, CWND
F1, 551.627, 4096, CWND
